,Tweet user,degree,betweenness_centrality,closeness_centrality
0,devangbaheti,0.0013468013468013469,0.0,0.0
1,DiMartinoBooth,0.00202020202020202,0.0,0.00202020202020202
2,GeorgeGammon,0.0006734006734006734,0.0,0.0006734006734006734
3,butterflyesq,0.0006734006734006734,0.0,0.0
4,elonmusk,0.055892255892255896,0.0,0.05590017825311944
5,ksamuel6271,0.0033670033670033673,0.0,0.0
6,librarycongress,0.0006734006734006734,0.0,0.0006734006734006734
7,BKlisarski,0.0006734006734006734,0.0,0.0
8,shanerfleury,0.0006734006734006734,0.0,0.0
9,ryancohen,0.02154882154882155,0.0,0.02154882154882155
10,cnnbrk,0.0006734006734006734,0.0,0.0006734006734006734
11,TStablegenius,0.008754208754208754,0.0,0.0
12,QTRResearch,0.0006734006734006734,0.0,0.0006734006734006734
13,voguemagazine,0.0006734006734006734,0.0,0.0006734006734006734
14,SkywalkerBrian,0.0013468013468013469,0.0,0.0
15,GameStop,0.12255892255892256,0.0,0.12256258234519105
16,WhiteHouse45,0.0006734006734006734,0.0,0.0006734006734006734
17,IamDJCherry,0.0006734006734006734,0.0,0.0
18,tommyinnit,0.0006734006734006734,0.0,0.0006734006734006734
19,tom_franz_2099,0.0013468013468013469,0.0,0.0
20,wallstreetbets,0.01952861952861953,0.0,0.019528619528619527
21,PeterBordes,0.0006734006734006734,0.0,0.0
22,POTUS45,0.0006734006734006734,0.0,0.0006734006734006734
23,jnshep4,0.0006734006734006734,0.0,0.0
24,jowens510,0.0006734006734006734,0.0,0.0006734006734006734
25,stoolpresidente,0.00404040404040404,0.0,0.00404040404040404
26,dallascoots22,0.0006734006734006734,0.0,0.0
27,WSBChairman,0.0006734006734006734,0.0,0.0006734006734006734
28,TeminatorTrader,0.0033670033670033673,0.0,0.0
29,DobackhuffCFO,0.0006734006734006734,0.0,0.0006734006734006734
30,TheSchroeder,0.0006734006734006734,0.0,0.0
31,GhostPanther,0.0006734006734006734,0.0,0.0006734006734006734
32,investindigital,0.0006734006734006734,0.0,0.0
33,trylolli,0.0006734006734006734,0.0,0.0006734006734006734
34,chrisclark503,0.0013468013468013469,0.0,0.0
35,CompoundBoss,0.0006734006734006734,0.0,0.0006734006734006734
36,LandauDave,0.0006734006734006734,0.0,0.0006734006734006734
37,Cowboyography,0.00202020202020202,0.0,0.0
38,PatTheNESpunk,0.0006734006734006734,0.0,0.0006734006734006734
39,pxlsicle,0.0006734006734006734,0.0,0.0006734006734006734
40,YouTube,0.015488215488215488,0.0,0.015488215488215488
41,CNBC,0.012121212121212121,0.0,0.012121212121212121
42,redditinvestors,0.0013468013468013469,0.0,0.0013468013468013469
43,DabbaMennis,0.0006734006734006734,0.0,0.0
44,LebedBiz,0.0006734006734006734,0.0,0.0006734006734006734
45,litcapital,0.0013468013468013469,0.0,0.0013468013468013469
46,WallStrHustler,0.0026936026936026937,0.0,0.0
47,andrewrsorkin,0.0006734006734006734,0.0,0.0006734006734006734
48,RobinhoodApp,0.004713804713804714,0.0,0.0047138047138047135
49,SquawkCNBC,0.0013468013468013469,0.0,0.0013468013468013469
50,Steam,0.00202020202020202,0.0,0.00202020202020202
51,AlexAllen_TM,0.0013468013468013469,0.0,0.0
52,reddit,0.010774410774410775,0.0,0.010774410774410775
53,michaelbatnick,0.0006734006734006734,0.0,0.0006734006734006734
54,bocxtop,0.0006734006734006734,0.0,0.0006734006734006734
55,devpato,0.0006734006734006734,0.0,0.0
56,editingemily,0.0006734006734006734,0.0,0.0006734006734006734
57,mahmutalimin,0.0006734006734006734,0.0,0.0
58,drcetiner,0.0006734006734006734,0.0,0.0006734006734006734
59,12Medbe,0.0013468013468013469,0.0,0.0
60,jcpenney,0.0006734006734006734,0.0,0.0006734006734006734
61,Sears,0.0006734006734006734,0.0,0.0006734006734006734
62,RobinWigg,0.0006734006734006734,0.0,0.0006734006734006734
63,bruiserbird,0.0006734006734006734,0.0,0.0
64,sirhottest,0.0006734006734006734,0.0,0.0006734006734006734
65,Tiberius_Philo,0.00202020202020202,0.0,0.0
66,jessebyrnes,0.0006734006734006734,0.0,0.0006734006734006734
67,jordainc,0.0006734006734006734,0.0,0.0006734006734006734
68,Rotankwot,0.00202020202020202,0.0,0.0
69,666deadcops,0.0006734006734006734,0.0,0.0006734006734006734
70,WSJ,0.0053872053872053875,0.0,0.0053872053872053875
71,voxdotcom,0.0006734006734006734,0.0,0.0006734006734006734
72,tyler,0.0026936026936026937,0.0,0.0026936026936026937
73,Mikalche,0.00202020202020202,0.0,0.0
74,business,0.0053872053872053875,0.0,0.0053872053872053875
75,MarkeThreads,0.0006734006734006734,0.0,0.0
76,EricBalchunas,0.0013468013468013469,0.0,0.0013468013468013469
77,MrBlingBling007,0.0006734006734006734,0.0,0.0
78,SchuermannChris,0.0006734006734006734,0.0,0.0
79,ToastyComedy,0.0006734006734006734,0.0,0.0
80,Rushuna_Tendo,0.0026936026936026937,0.0,0.0006734006734006734
81,GigglesSquad,0.00404040404040404,9.075480773593981e-07,0.0006734006734006734
82,VPN_Bytes,0.0013468013468013469,0.0,0.0013468013468013469
83,THETAtv,0.0013468013468013469,0.0,0.0013468013468013469
84,YourBonr,0.0006734006734006734,0.0,0.0
85,DocMirza,0.00202020202020202,0.0,0.0
86,jimcramer,0.020202020202020204,0.0,0.020202020202020204
87,chamath,0.015488215488215488,0.0,0.015488215488215488
88,oldmillenial81,0.0006734006734006734,0.0,0.0
89,ChethDarian,0.0013468013468013469,0.0,0.0
90,CUIN2forreal,0.0026936026936026937,0.0,0.0
91,VerbTech_Co,0.0006734006734006734,0.0,0.0006734006734006734
92,zoom_us,0.0006734006734006734,0.0,0.0006734006734006734
93,salesforce,0.0006734006734006734,0.0,0.0006734006734006734
94,NathanColian,0.0006734006734006734,0.0,0.0
95,theingyneer,0.0006734006734006734,0.0,0.0
96,paultower,0.0006734006734006734,0.0,0.0
97,fundstrat,0.0006734006734006734,0.0,0.0006734006734006734
98,mdcbowen,0.0013468013468013469,0.0,0.0
99,TEZZY82,0.0006734006734006734,0.0,0.0
100,JamesSurowiecki,0.0026936026936026937,0.0,0.0026936026936026937
101,RoseLeoMusk,0.0006734006734006734,0.0,0.0
102,TheMobleMe,0.0013468013468013469,0.0,0.0
103,MRKR,0.00202020202020202,0.0,0.00202020202020202
104,sillysnapdotcom,0.0013468013468013469,0.0,0.0
105,HassanImran355,0.0013468013468013469,0.0,0.0
106,TRADEPROAcademy,0.0006734006734006734,0.0,0.0
107,Ackermanjay,0.0013468013468013469,0.0,0.0
108,CNNBusiness,0.0006734006734006734,0.0,0.0006734006734006734
109,TJReazor,0.0006734006734006734,0.0,0.0
110,Paul_xd11,0.0013468013468013469,0.0,0.0
111,BlahutJulian,0.0006734006734006734,0.0,0.0006734006734006734
112,Schuldensuehner,0.00202020202020202,0.0,0.00202020202020202
113,GfxMia,0.0053872053872053875,0.0,0.0
114,aeviurs,0.0006734006734006734,0.0,0.0006734006734006734
115,ArtistRTweeters,0.0006734006734006734,0.0,0.0006734006734006734
116,GDAutoArt,0.0006734006734006734,0.0,0.0006734006734006734
117,BlazedRTs,0.00202020202020202,0.0,0.00202020202020202
118,CHughes_Sr84,0.0006734006734006734,0.0,0.0006734006734006734
119,TvVikn,0.0006734006734006734,0.0,0.0006734006734006734
120,FindVFX,0.0006734006734006734,0.0,0.0006734006734006734
121,DripRT,0.0006734006734006734,0.0,0.0006734006734006734
122,RetrogradeMikey,0.0006734006734006734,0.0,0.0
123,dforceone,0.0013468013468013469,0.0,0.0
124,CatchCount_ZC,0.0006734006734006734,0.0,0.0
125,AilsaForshaw,0.0006734006734006734,0.0,0.0
126,MrZackMorris,0.0026936026936026937,0.0,0.0026936026936026937
127,LadsStonks,0.0006734006734006734,0.0,0.0
128,MarshHurley,0.0006734006734006734,0.0,0.0006734006734006734
129,RobertDelgado23,0.0013468013468013469,0.0,0.0
130,StockGamer6,0.0013468013468013469,0.0,0.0
131,NickDoevendans,0.0006734006734006734,0.0,0.0
132,mfatah281,0.0026936026936026937,0.0,0.0
133,nytimes,0.0006734006734006734,0.0,0.0006734006734006734
134,chrisbcore,0.0006734006734006734,0.0,0.0
135,UsmanSattarMD,0.0013468013468013469,0.0,0.0
136,michaeljburry,0.0033670033670033673,0.0,0.003367003367003367
137,trevor1144,0.0006734006734006734,0.0,0.0
138,StuffIKnew,0.0006734006734006734,0.0,0.0006734006734006734
139,BirdsofParadiz8,0.0006734006734006734,0.0,0.0
140,kerberos007,0.0006734006734006734,0.0,0.0006734006734006734
141,Investsolutioh,0.0006734006734006734,0.0,0.0
142,TheOriginalNOC,0.0013468013468013469,0.0,0.0
143,iharsha18,0.00202020202020202,0.0,0.0
144,moneydotbiz,0.0013468013468013469,0.0,0.0
145,CitronResearch,0.02154882154882155,0.0,0.021568627450980392
146,mattdemeke,0.0006734006734006734,0.0,0.0
147,ChrisWithersTV,0.0006734006734006734,0.0,0.0
148,incarceratedbob,0.0006734006734006734,0.0,0.0
149,Leichtskorpion,0.0033670033670033673,0.0,0.0
150,AngryJoeShow,0.0006734006734006734,0.0,0.0006734006734006734
151,BlessingJr,0.0006734006734006734,0.0,0.0006734006734006734
152,shrosengren,0.00202020202020202,0.0,0.0
153,Slate,0.0013468013468013469,0.0,0.0013468013468013469
154,parler_app,0.0006734006734006734,0.0,0.0006734006734006734
155,svanheisenberg,0.00404040404040404,0.0,0.0
156,The_RockTrading,0.0006734006734006734,0.0,0.0006734006734006734
157,DonBarbone,0.0013468013468013469,0.0,0.0
158,ICannot_Enough,0.0006734006734006734,0.0,0.0006734006734006734
159,JunkoSu22993224,0.0006734006734006734,0.0,0.0
160,StJude,0.0013468013468013469,0.0,0.0013468013468013469
161,scope9mm,0.0006734006734006734,0.0,0.0
162,MarketWatch,0.0013468013468013469,0.0,0.0013468013468013469
163,AaronDayAtlas,0.0006734006734006734,0.0,0.0
164,Ravencoin,0.0006734006734006734,0.0,0.0006734006734006734
165,MarkQuinn_VO,0.008754208754208754,0.0,0.0
166,MikeQuindazzi,0.0006734006734006734,0.0,0.0006734006734006734
167,sallyeaves,0.0006734006734006734,0.0,0.0006734006734006734
168,TamaraMcCleary,0.0006734006734006734,0.0,0.0006734006734006734
169,rwang0,0.0006734006734006734,0.0,0.0006734006734006734
170,PawlowskiMario,0.0006734006734006734,0.0,0.0006734006734006734
171,supplychnqueen,0.0006734006734006734,0.0,0.0006734006734006734
172,BernardMarr,0.0006734006734006734,0.0,0.0006734006734006734
173,iamrws,0.0006734006734006734,0.0,0.0006734006734006734
174,GlenGilmore,0.0006734006734006734,0.0,0.0006734006734006734
175,enricomolinari,0.0006734006734006734,0.0,0.0006734006734006734
176,Jayy_Fizz_,0.0006734006734006734,0.0,0.0
177,PlanetArbiter,0.0006734006734006734,0.0,0.0
178,DomenicoGeria,0.0006734006734006734,0.0,0.0
179,ParikPatelCFA,0.00202020202020202,0.0,0.00202020202020202
180,ItsJeremyReal,0.0006734006734006734,0.0,0.0
181,EmceeProphetic,0.0013468013468013469,0.0,0.0
182,NateGeraci,0.0006734006734006734,0.0,0.0006734006734006734
183,markets,0.0033670033670033673,0.0,0.003367003367003367
184,paninoelistino,0.0026936026936026937,9.075480773593981e-07,0.0006734006734006734
185,AlessioUrban,0.0006734006734006734,0.0,0.0008978675645342312
186,MindMathMoney,0.0006734006734006734,0.0,0.0
187,souljaboy,0.0006734006734006734,0.0,0.0006734006734006734
188,jorozco31,0.0006734006734006734,0.0,0.0
189,BournePoly11,0.0006734006734006734,0.0,0.0006734006734006734
190,aalte12,0.0006734006734006734,0.0,0.0
191,DisabledByFate,0.0006734006734006734,0.0,0.0
192,BaxiaMarkets,0.0006734006734006734,0.0,0.0
193,Maui_EastAfrica,0.00202020202020202,0.0,0.0
194,BillAckman,0.0006734006734006734,0.0,0.0006734006734006734
195,GuvParsonMO,0.0013468013468013469,0.0,0.0
196,RGreggKeller,0.0006734006734006734,0.0,0.0006734006734006734
197,WUSTL,0.0006734006734006734,0.0,0.0006734006734006734
198,Mamba_ftw,0.0013468013468013469,0.0,0.0013468013468013469
199,Whytepaper,0.0006734006734006734,0.0,0.0
200,BuyerHigh,0.0013468013468013469,0.0,0.0
201,chedd4Cy,0.0006734006734006734,0.0,0.0
202,7sReport,0.0006734006734006734,0.0,0.0
203,KJBPictures,0.0006734006734006734,0.0,0.0
204,kenyon48409767,0.0006734006734006734,0.0,0.0
205,CryptoJunte,0.0006734006734006734,0.0,0.0
206,gemsays,0.0006734006734006734,0.0,0.0006734006734006734
207,thebknerland,0.0006734006734006734,0.0,0.0
208,pranav_rajj,0.0013468013468013469,0.0,0.0
209,momoneymohit,0.0006734006734006734,0.0,0.0006734006734006734
210,RishiJethi,0.0006734006734006734,0.0,0.0006734006734006734
211,crvshn,0.0006734006734006734,0.0,0.0
212,ScottGo70179464,0.0006734006734006734,0.0,0.0
213,NYSE,0.0013468013468013469,0.0,0.0013468013468013469
214,NomNomShyam,0.0006734006734006734,0.0,0.0
215,chigrl,0.0006734006734006734,0.0,0.0006734006734006734
216,wsbrep,0.0006734006734006734,0.0,0.0
217,DrewOden,0.0006734006734006734,0.0,0.0
218,WSBgod,0.0013468013468013469,0.0,0.0013468013468013469
219,PapaKUV,0.0006734006734006734,0.0,0.0
220,WallStreetEasy,0.00202020202020202,0.0,0.0
221,EdgarcOchoa,0.0006734006734006734,0.0,0.0006734006734006734
222,MoneyPigTrading,0.0026936026936026937,0.0,0.0
223,EneNoob,0.0006734006734006734,0.0,0.0
224,CaliforniaHODL,0.009427609427609429,0.0,0.0
225,Wealthbase,0.0006734006734006734,0.0,0.0006734006734006734
226,KKublai5,0.0006734006734006734,0.0,0.0006734006734006734
227,dan_ksan,0.0006734006734006734,0.0,0.0
228,gamestopcorp,0.00808080808080808,0.0,0.00808080808080808
229,tslaqpodcast,0.0006734006734006734,0.0,0.0006734006734006734
230,FusionptCapital,0.0006734006734006734,0.0,0.0006734006734006734
231,DogeTop5,0.00404040404040404,0.0,0.0
232,udiWertheimer,0.0006734006734006734,0.0,0.0006734006734006734
233,chainlink,0.0006734006734006734,0.0,0.0006734006734006734
234,piraflappy,0.0006734006734006734,0.0,0.0
235,daleadamson13,0.0006734006734006734,0.0,0.0006734006734006734
236,DarthFaderr_,0.0006734006734006734,0.0,0.0
237,cookieeeeeesss,0.0013468013468013469,0.0,0.0
238,Scarilianvids,0.0006734006734006734,0.0,0.0
239,DaddieHack,0.0006734006734006734,0.0,0.0
240,carlomiguel__,0.00202020202020202,4.5377403867969905e-07,0.0006734006734006734
241,UNDRGRNDCEO,0.0006734006734006734,0.0,0.0
242,Joaquin__Montes,0.0013468013468013469,0.0,0.0
243,MehulATL,0.0006734006734006734,0.0,0.0006734006734006734
244,AMCTheatres,0.0006734006734006734,0.0,0.0006734006734006734
245,TaylorOwen,0.0006734006734006734,0.0,0.0
246,DarwinCalderonP,0.0006734006734006734,0.0,0.0
247,PastorMWhitlock,0.0006734006734006734,0.0,0.0
248,akifmalik,0.0006734006734006734,0.0,0.0
249,rptavakol,0.0013468013468013469,0.0,0.0
250,WastelandDJ_376,0.0013468013468013469,0.0,0.0
251,vivadirt,0.0006734006734006734,0.0,0.0006734006734006734
252,rakeshgupta1988,0.0006734006734006734,0.0,0.0
253,machine_value,0.0006734006734006734,0.0,0.0
254,awolfs11,0.0006734006734006734,0.0,0.0
255,Aldinho_lbk,0.00202020202020202,0.0,0.0
256,MadMoneyOnCNBC,0.0013468013468013469,0.0,0.0013468013468013469
257,CGCrackedGaming,0.0013468013468013469,0.0,0.0
258,Thomas_Wuest,0.0006734006734006734,0.0,0.0
259,handelsblatt,0.0006734006734006734,0.0,0.0006734006734006734
260,reformedDonaldT,0.0006734006734006734,0.0,0.0
261,vbouton,0.0006734006734006734,0.0,0.0
262,WIRED,0.0026936026936026937,0.0,0.0026936026936026937
263,kennywolf9,0.0006734006734006734,0.0,0.0
264,williamlegate,0.0006734006734006734,0.0,0.0006734006734006734
265,Oma_r_K,0.0006734006734006734,0.0,0.0
266,sander0290,0.0006734006734006734,0.0,0.0
267,Investingcom,0.0006734006734006734,0.0,0.0006734006734006734
268,NeoUnrealist,0.006060606060606061,0.0,0.0
269,AdamCrigler,0.0006734006734006734,0.0,0.0006734006734006734
270,Styx666Official,0.0006734006734006734,0.0,0.0006734006734006734
271,AkkadSecretary,0.0006734006734006734,0.0,0.0006734006734006734
272,HotepJesus,0.0006734006734006734,0.0,0.0006734006734006734
273,UncleHotep,0.0006734006734006734,0.0,0.0006734006734006734
274,PoThePerson,0.0006734006734006734,0.0,0.0006734006734006734
275,BenjaminABoyce,0.0006734006734006734,0.0,0.0006734006734006734
276,MLChristiansen,0.0006734006734006734,0.0,0.0006734006734006734
277,EthanVanSciver,0.0006734006734006734,0.0,0.0006734006734006734
278,paima27,0.0013468013468013469,0.0,0.0
279,4Awesometweet,0.006060606060606061,0.0,0.0
280,TheDomino,0.0006734006734006734,0.0,0.0006734006734006734
281,GaryKaltbaum,0.0006734006734006734,0.0,0.0006734006734006734
282,TESLAcharts,0.0006734006734006734,0.0,0.0006734006734006734
283,Pinochet420,0.0006734006734006734,0.0,0.0
284,SonixWBV,0.0013468013468013469,0.0,0.0
285,JDB_trading,0.0006734006734006734,0.0,0.0
286,MSOElevator,0.0006734006734006734,0.0,0.0
287,DigitalPanduh,0.0006734006734006734,0.0,0.0
288,RahulRanderia,0.006060606060606061,0.0,0.0
289,CNBCi,0.0006734006734006734,0.0,0.0006734006734006734
290,CNBCClosingBell,0.0006734006734006734,0.0,0.0006734006734006734
291,Reuters,0.0013468013468013469,0.0,0.0013468013468013469
292,MSNBC,0.0006734006734006734,0.0,0.0006734006734006734
293,MSNBCDaily,0.0006734006734006734,0.0,0.0006734006734006734
294,BloombergTV,0.0013468013468013469,0.0,0.0013468013468013469
295,mikebuck7,0.0006734006734006734,0.0,0.0
296,_ThatOneGirlDee,0.0006734006734006734,0.0,0.0006734006734006734
297,TFTMyx,0.0006734006734006734,0.0,0.0
298,HODLenKaulfield,0.0026936026936026937,0.0,0.0
299,ChrisKral3,0.0013468013468013469,0.0,0.0
300,Tiefseher,0.0006734006734006734,0.0,0.0006734006734006734
301,cbtadvisors,0.004713804713804714,0.0,0.0
302,Evotec,0.0006734006734006734,0.0,0.0006734006734006734
303,damasoni,0.0006734006734006734,0.0,0.0006734006734006734
304,financialpost,0.0006734006734006734,0.0,0.0006734006734006734
305,bradloncar,0.0006734006734006734,0.0,0.0006734006734006734
306,drrichjlaw,0.0006734006734006734,0.0,0.0006734006734006734
307,sharkbiotech,0.0006734006734006734,0.0,0.0006734006734006734
308,XBIObserver,0.0006734006734006734,0.0,0.0006734006734006734
309,LoganWilliamss,0.0006734006734006734,0.0,0.0
310,MarcoDaCostaFX,0.007407407407407408,0.0,0.0
311,petenajarian,0.0006734006734006734,0.0,0.0006734006734006734
312,steve_m1,0.0006734006734006734,0.0,0.0
313,FinancialTimes,0.0013468013468013469,0.0,0.0013468013468013469
314,JoviOvero,0.0006734006734006734,0.0,0.0
315,Hut8Mining,0.0013468013468013469,0.0,0.0
316,HoggHaver,0.0006734006734006734,0.0,0.0
317,CoveMarkets,0.0006734006734006734,0.0,0.0
318,SNICKERS,0.0006734006734006734,0.0,0.0006734006734006734
319,JaneSymons1,0.0013468013468013469,0.0,0.0
320,ryankcroft,0.0006734006734006734,0.0,0.0006734006734006734
321,Jacob_Rees_Mogg,0.0006734006734006734,0.0,0.0006734006734006734
322,jasongrig,0.0006734006734006734,0.0,0.0
323,APompliano,0.0006734006734006734,0.0,0.0006734006734006734
324,faznet,0.0006734006734006734,0.0,0.0
325,ainotnamann,0.0006734006734006734,0.0,0.0006734006734006734
326,DeklynMichaels,0.00202020202020202,0.0,0.0
327,72danS,0.0006734006734006734,0.0,0.0006734006734006734
328,thetechstartups,0.0013468013468013469,0.0,0.0
329,zeampzpvy,0.0006734006734006734,0.0,0.0
330,JPEGuin,0.0006734006734006734,0.0,0.0006734006734006734
331,Varneyco,0.0006734006734006734,0.0,0.0
332,GWNeNOW,0.0013468013468013469,4.5377403867969905e-07,0.0006734006734006734
333,capitangains,0.0006734006734006734,0.0,0.0
334,its_v9,0.0006734006734006734,0.0,0.0
335,quantcoin,0.0026936026936026937,0.0,0.0
336,cameron,0.0026936026936026937,0.0,0.0026936026936026937
337,Tesla,0.00202020202020202,0.0,0.00202020202020202
338,RobShiveley,0.00202020202020202,0.0,0.0
339,BorsenGelaber,0.0006734006734006734,0.0,0.0
340,FAZ_Finanzen,0.0006734006734006734,0.0,0.0006734006734006734
341,djwhitegucci,0.0013468013468013469,0.0,0.0
342,mauneel,0.0026936026936026937,0.0,0.0
343,ItsJosephTaylor,0.0006734006734006734,0.0,0.0006734006734006734
344,Quemandoacromo,0.0006734006734006734,0.0,0.0
345,danieljreardon,0.0006734006734006734,0.0,0.0006734006734006734
346,SIAWealth,0.0006734006734006734,0.0,0.0
347,ColinCieszynski,0.0006734006734006734,0.0,0.0006734006734006734
348,PhukenHung,0.00808080808080808,0.0,0.0
349,njmitchw,0.0006734006734006734,0.0,0.0006734006734006734
350,S3Partners,0.004713804713804714,0.0,0.0
351,YunLi626,0.0006734006734006734,0.0,0.0006734006734006734
352,fintechcrimes,0.00404040404040404,0.0,0.0
353,EconguyRosie,0.0006734006734006734,0.0,0.0006734006734006734
354,Quillintel,0.0006734006734006734,0.0,0.0006734006734006734
355,JeffBooth,0.0006734006734006734,0.0,0.0006734006734006734
356,LynAldenContact,0.0006734006734006734,0.0,0.0006734006734006734
357,petenhien,0.0013468013468013469,0.0,0.0
358,hopeseekr,0.0006734006734006734,0.0,0.0
359,FoxBusiness,0.0006734006734006734,0.0,0.0008978675645342312
360,MaxiLion88,0.0006734006734006734,0.0,0.0
361,sameepa,0.00202020202020202,0.0,0.0
362,ShiraOvide,0.0006734006734006734,0.0,0.0006734006734006734
363,mercebent,0.0006734006734006734,0.0,0.0006734006734006734
364,OskuTorro,0.0006734006734006734,0.0,0.0
365,ErkkilaJorma,0.0006734006734006734,0.0,0.0006734006734006734
366,dannyvena,0.0026936026936026937,0.0,0.0
367,themotleyfool,0.0013468013468013469,0.0,0.0013468013468013469
368,nntaleb,0.0006734006734006734,0.0,0.0006734006734006734
369,Ubaidy100,0.0006734006734006734,0.0,0.0
370,MrLimerick,0.0006734006734006734,0.0,0.0
371,BitFinanzas,0.0013468013468013469,0.0,0.0
372,bleedingcool,0.0006734006734006734,0.0,0.0
373,OriginalFunko,0.004713804713804714,0.0,0.0047138047138047135
374,Rustyram78,0.0006734006734006734,0.0,0.0
375,TheRiseOfTrump,0.0006734006734006734,0.0,0.0
376,Fxhedgers,0.0006734006734006734,0.0,0.0006734006734006734
377,justinverga,0.0006734006734006734,0.0,0.0
378,profgalloway,0.0013468013468013469,0.0,0.0013468013468013469
379,iAmVinayChawla,0.0006734006734006734,0.0,0.0
380,iamtomnash,0.0006734006734006734,0.0,0.0006734006734006734
381,dinahschmechel,0.0006734006734006734,0.0,0.0
382,matt_levine,0.0013468013468013469,0.0,0.0013468013468013469
383,fibinacian1,0.0006734006734006734,0.0,0.0
384,EtoEWanders,0.0013468013468013469,0.0,0.0
385,alex_kirshner,0.0006734006734006734,0.0,0.0006734006734006734
386,MustCrypto,0.00404040404040404,0.0,0.0
387,novogratz,0.0006734006734006734,0.0,0.0006734006734006734
388,BenHueng,0.0013468013468013469,0.0,0.0
389,BenjaminJBagley,0.0006734006734006734,0.0,0.0
390,popularinvestor,0.0006734006734006734,0.0,0.0006734006734006734
391,TradingDayOn,0.0006734006734006734,0.0,0.0
392,TCollege,0.0006734006734006734,0.0,0.0
393,gooon441,0.0006734006734006734,0.0,0.0
394,DevinReed__,0.0006734006734006734,0.0,0.0
395,PlayStation,0.00808080808080808,0.0,0.00808080808080808
396,Vtrade7,0.0013468013468013469,0.0,0.0
397,kamal_insight,0.0006734006734006734,0.0,0.0006734006734006734
398,SahilKapoor,0.0006734006734006734,0.0,0.0006734006734006734
399,erwinhendriks,0.0006734006734006734,0.0,0.0
400,BarrySilbert,0.0006734006734006734,0.0,0.0006734006734006734
401,Mindphunx,0.0006734006734006734,0.0,0.0
402,FiloTheReal,0.0006734006734006734,0.0,0.0
403,PlayStationDE,0.0006734006734006734,0.0,0.0006734006734006734
404,Engnineere,0.0013468013468013469,0.0,0.0
405,GamingST_tweets,0.0013468013468013469,0.0,0.0
406,SurajAshoka,0.0006734006734006734,0.0,0.0
407,zerodhaonline,0.0006734006734006734,0.0,0.0006734006734006734
408,BeerdHead,0.0013468013468013469,0.0,0.0
409,liz_franczak,0.0006734006734006734,0.0,0.0006734006734006734
410,RudyHavenstein,0.0006734006734006734,0.0,0.0006734006734006734
411,vain319,0.0006734006734006734,0.0,0.0
412,eBay,0.00202020202020202,0.0,0.00202020202020202
413,HekSietze,0.0006734006734006734,0.0,0.0
414,CameronGuile,0.0013468013468013469,0.0,0.0
415,BernieSanders,0.0006734006734006734,0.0,0.0006734006734006734
416,AOC,0.0006734006734006734,0.0,0.0006734006734006734
417,SaurusBitcoin,0.0006734006734006734,0.0,0.0
418,jackgraham,0.0006734006734006734,0.0,0.0
419,twfarlan,0.0006734006734006734,0.0,0.0006734006734006734
420,dtqtinc,0.0006734006734006734,0.0,0.0
421,emontanaaa,0.0006734006734006734,0.0,0.0006734006734006734
422,tiwari_piya,0.0006734006734006734,0.0,0.0
423,iamwinning2,0.0006734006734006734,0.0,0.0
424,Nithin0dha,0.0006734006734006734,0.0,0.0006734006734006734
425,TyJax1,0.00202020202020202,0.0,0.0
426,JavierSanz,0.0006734006734006734,0.0,0.0006734006734006734
427,Gestiprudent,0.0006734006734006734,0.0,0.0006734006734006734
428,ACInvestorBlog,0.0013468013468013469,0.0,0.0013468013468013469
429,inveuro,0.0006734006734006734,0.0,0.0006734006734006734
430,FonsieTrader,0.0006734006734006734,0.0,0.0006734006734006734
431,Boytrader08,0.0006734006734006734,0.0,0.0006734006734006734
432,afishnc,0.0006734006734006734,0.0,0.0
433,Fra_ncescoRusso,0.0006734006734006734,0.0,0.0
434,mikez0re,0.0006734006734006734,0.0,0.0
435,CryptoCaptain_,0.0006734006734006734,0.0,0.0
436,GoingParabolic,0.0006734006734006734,0.0,0.0006734006734006734
437,Ajaay17,0.0006734006734006734,0.0,0.0
438,Ivan_UNITE,0.0006734006734006734,0.0,0.0
439,_grub_chris,0.0006734006734006734,0.0,0.0
440,ihors3,0.0006734006734006734,0.0,0.0006734006734006734
441,MonumentTraders,0.0006734006734006734,0.0,0.0
442,kabueller,0.0006734006734006734,0.0,0.0
443,TheDeepDive_ca,0.00202020202020202,0.0,0.0
444,crowkneecapital,0.0006734006734006734,0.0,0.0006734006734006734
445,RobinsKaplan,0.0006734006734006734,0.0,0.0
446,reifmd,0.0006734006734006734,0.0,0.0006734006734006734
447,rstopiak,0.0013468013468013469,0.0,0.0
448,agaw,0.00404040404040404,0.0,0.003367003367003367
449,almarrone,0.00404040404040404,0.0,0.003367003367003367
450,ReallyTimmyByt,0.0006734006734006734,0.0,0.0
451,jechnician,0.0006734006734006734,0.0,0.0006734006734006734
452,faceityr40,0.0033670033670033673,0.0,0.0
453,JackPosobiec,0.0006734006734006734,0.0,0.0006734006734006734
454,Twitter,0.0006734006734006734,0.0,0.0006734006734006734
455,barnes_law,0.0006734006734006734,0.0,0.0006734006734006734
456,SteveHiltonx,0.0006734006734006734,0.0,0.0006734006734006734
457,thevivafrei,0.0006734006734006734,0.0,0.0006734006734006734
458,pahna,0.0006734006734006734,0.0,0.0
459,scottmelker,0.0006734006734006734,0.0,0.0006734006734006734
460,GracechurchTRC,0.0006734006734006734,0.0,0.0
461,BlackberryXRP,0.0033670033670033673,0.0,0.0
462,CardyTruster,0.0006734006734006734,0.0,0.0006734006734006734
463,BlackBerry,0.0006734006734006734,0.0,0.0006734006734006734
464,Tony_BATtista,0.0006734006734006734,0.0,0.0006734006734006734
465,tastytrade,0.0006734006734006734,0.0,0.0006734006734006734
466,JohnChen,0.0006734006734006734,0.0,0.0006734006734006734
467,PromotingLife1,0.0006734006734006734,0.0,0.0
468,macrosandchaos,0.0006734006734006734,0.0,0.0
469,EggStevey,0.0013468013468013469,0.0,0.0
470,chattervast,0.0006734006734006734,0.0,0.0
471,FortifyCulture,0.004713804713804714,0.0,0.0
472,Melvin_Capital,0.0006734006734006734,0.0,0.0006734006734006734
473,CSCareers,0.0006734006734006734,0.0,0.0006734006734006734
474,Point72Careers,0.0006734006734006734,0.0,0.0006734006734006734
475,SteveAndrusko99,0.0006734006734006734,0.0,0.0
476,NJWeedStocks,0.0006734006734006734,0.0,0.0006734006734006734
477,peterjmsimons,0.0006734006734006734,0.0,0.0
478,Yahoo,0.0013468013468013469,0.0,0.0013468013468013469
479,bridgeheadone,0.0006734006734006734,0.0,0.0
480,lynxbeleggen,0.0006734006734006734,0.0,0.0
481,JustinBlekemole,0.0006734006734006734,0.0,0.0006734006734006734
482,Kachi_Moses,0.0013468013468013469,0.0,0.0
483,asemota,0.0006734006734006734,0.0,0.0006734006734006734
484,kolatubosun,0.0006734006734006734,0.0,0.0006734006734006734
485,lamelnaspojka19,0.0006734006734006734,0.0,0.0
486,WarrenBuffett,0.0006734006734006734,0.0,0.0006734006734006734
487,rennock,0.0006734006734006734,0.0,0.0
488,BusinessInsider,0.00202020202020202,0.0,0.00202020202020202
489,InvTrading,0.0006734006734006734,0.0,0.0
490,GArayaFX,0.0006734006734006734,0.0,0.0006734006734006734
491,RottenGalPal,0.0006734006734006734,0.0,0.0
492,LaMonicaBuzz,0.0006734006734006734,0.0,0.0006734006734006734
493,Blackbeardjay83,0.0013468013468013469,0.0,0.0
494,Kents_Cosmos,0.0006734006734006734,0.0,0.0006734006734006734
495,GarabedianAlex,0.0006734006734006734,0.0,0.0
496,AgefiFrance,0.0006734006734006734,0.0,0.0006734006734006734
497,tschakawaka,0.0013468013468013469,0.0,0.0
498,Rainmaker1973,0.0006734006734006734,0.0,0.0006734006734006734
499,simongerman600,0.0006734006734006734,0.0,0.0006734006734006734
500,dakshaydesai,0.0013468013468013469,0.0,0.0
501,apeksha02,0.0006734006734006734,0.0,0.0006734006734006734
502,AsherWeisberger,0.0013468013468013469,0.0,0.0
503,SpaceX,0.0006734006734006734,0.0,0.0006734006734006734
504,piyushchaudhry,0.0006734006734006734,0.0,0.0006734006734006734
505,GeiselerOliver,0.0013468013468013469,0.0,0.0
506,MartinSzeike,0.0026936026936026937,0.0,0.0
507,WSB_memes,0.0006734006734006734,0.0,0.0006734006734006734
508,a_coops1,0.0013468013468013469,0.0,0.0
509,thisisinsider,0.0006734006734006734,0.0,0.0006734006734006734
510,budgetsandbrews,0.0006734006734006734,0.0,0.0
511,MorningBrew,0.0013468013468013469,0.0,0.0013468013468013469
512,Jeson91674610,0.0013468013468013469,0.0,0.0
513,Forbes,0.0006734006734006734,0.0,0.0006734006734006734
514,turbzen1,0.0006734006734006734,0.0,0.0
515,Harry_Sach2019,0.0006734006734006734,0.0,0.0
516,alexisohanian,0.0013468013468013469,0.0,0.0013468013468013469
517,Jonbagnato,0.0006734006734006734,0.0,0.0
518,bopinion,0.0006734006734006734,0.0,0.0006734006734006734
519,Agredo10,0.00202020202020202,0.0,0.0
520,SteveCarell,0.0006734006734006734,0.0,0.0006734006734006734
521,RyanGosling,0.0006734006734006734,0.0,0.0006734006734006734
522,LuckyIsah,0.0006734006734006734,0.0,0.0
523,trista_kelley,0.0006734006734006734,0.0,0.0
524,TmpJoker,0.0006734006734006734,0.0,0.0
525,AAharonovich,0.0006734006734006734,0.0,0.0
526,TV_Finance,0.0026936026936026937,0.0,0.0
527,DavidDerhy,0.0006734006734006734,0.0,0.0006734006734006734
528,eToroFr,0.0006734006734006734,0.0,0.0006734006734006734
529,CreativeConstr,0.0013468013468013469,0.0,0.0
530,KrisPed,0.0006734006734006734,0.0,0.0
531,nzzwirtschaft,0.0006734006734006734,0.0,0.0
532,NZZ,0.0006734006734006734,0.0,0.0006734006734006734
533,god_comfy,0.0006734006734006734,0.0,0.0
534,ATIMarkets,0.0006734006734006734,0.0,0.0
535,YuGiOhFi,0.0006734006734006734,0.0,0.0
536,CointelegraphMT,0.0013468013468013469,0.0,0.0013468013468013469
537,DiplPedro,0.0006734006734006734,0.0,0.0
538,cryptotothemoo1,0.0006734006734006734,0.0,0.0
539,lecho,0.0006734006734006734,0.0,0.0
540,SalimNesba,0.0006734006734006734,0.0,0.0006734006734006734
541,KingWindsor1,0.0006734006734006734,0.0,0.0
542,acemaxx,0.0013468013468013469,0.0,0.0
543,daniburgz,0.0013468013468013469,0.0,0.0013468013468013469
544,stock_with_it,0.0006734006734006734,0.0,0.0
545,wordpressdotcom,0.0006734006734006734,0.0,0.0006734006734006734
546,aggichristiane,0.0006734006734006734,0.0,0.0
547,Hudrey_Aepburn,0.0013468013468013469,0.0,0.0
548,vishalkgupta,0.0006734006734006734,0.0,0.0006734006734006734
549,coniectoinv,0.0006734006734006734,0.0,0.0
550,_sanikapandit_,0.0006734006734006734,0.0,0.0006734006734006734
551,momoseife,0.0013468013468013469,0.0,0.0
552,welt,0.0006734006734006734,0.0,0.0006734006734006734
553,johnnymmaz,0.00202020202020202,0.0,0.0
554,russmould1,0.0013468013468013469,0.0,0.0
555,dominicoc,0.0006734006734006734,0.0,0.0006734006734006734
556,BBCr4today,0.0006734006734006734,0.0,0.0006734006734006734
557,Day2Beast403,0.0013468013468013469,0.0,0.0
558,scot_munro,0.0006734006734006734,0.0,0.0006734006734006734
559,Bullrun_Gravano,0.0006734006734006734,0.0,0.0006734006734006734
560,CWRoehl,0.0013468013468013469,0.0,0.0
561,JonNeuscheler,0.0006734006734006734,0.0,0.0006734006734006734
562,cantonamorriss1,0.0006734006734006734,0.0,0.0
563,mlhobbyist,0.0013468013468013469,0.0,0.0
564,sohrabazadandi1,0.0006734006734006734,0.0,0.0006734006734006734
565,KhalilOghab,0.0006734006734006734,0.0,0.0006734006734006734
566,ravster13,0.0006734006734006734,0.0,0.0
567,ShaanVP,0.0006734006734006734,0.0,0.0006734006734006734
568,tokenmarketcaps,0.00202020202020202,0.0,0.0
569,Cointelegraph,0.0006734006734006734,0.0,0.0006734006734006734
570,Gafurmurad,0.0006734006734006734,0.0,0.0
571,ArianaNews_,0.0006734006734006734,0.0,0.0006734006734006734
572,haoleholoholo,0.0006734006734006734,0.0,0.0
573,Haganracing,0.0006734006734006734,0.0,0.0
574,SwampDonkeyzz,0.0026936026936026937,0.0,0.0
575,Twitch,0.0006734006734006734,0.0,0.0006734006734006734
576,starwars,0.0013468013468013469,0.0,0.0013468013468013469
577,shmody,0.0006734006734006734,0.0,0.0
578,Marketplace,0.0006734006734006734,0.0,0.0006734006734006734
579,avianbalram,0.0006734006734006734,0.0,0.0
580,alexs_ahs,0.0026936026936026937,0.0,0.0
581,AsoboStudio,0.0006734006734006734,0.0,0.0006734006734006734
582,VincentMontet,0.0006734006734006734,0.0,0.0006734006734006734
583,ArnaultChatel,0.0006734006734006734,0.0,0.0006734006734006734
584,lpg,0.0006734006734006734,0.0,0.0006734006734006734
585,newsnasha,0.0013468013468013469,0.0,0.0
586,VanityXpert,0.006734006734006735,0.0,0.0
587,sme_rt,0.0013468013468013469,0.0,0.0013468013468013469
588,SGH_RTs,0.0006734006734006734,0.0,0.0006734006734006734
589,ShoutGamers,0.0006734006734006734,0.0,0.0006734006734006734
590,GamerGalsRT,0.0013468013468013469,0.0,0.0013468013468013469
591,Quickest_Rts,0.0006734006734006734,0.0,0.0006734006734006734
592,Pulse_Rts,0.0006734006734006734,0.0,0.0006734006734006734
593,wwwanpaus,0.0006734006734006734,0.0,0.0006734006734006734
594,RyDog2Nasty,0.0006734006734006734,0.0,0.0006734006734006734
595,CoDFAs,0.0006734006734006734,0.0,0.0006734006734006734
596,CoDRT24_7,0.0006734006734006734,0.0,0.0006734006734006734
597,JustinEverhart,0.0006734006734006734,0.0,0.0
598,Secret_Finance,0.00404040404040404,0.0,0.0
599,amazon,0.00202020202020202,0.0,0.00202020202020202
600,Walmart,0.0013468013468013469,0.0,0.0013468013468013469
601,amazonluna,0.0006734006734006734,0.0,0.0006734006734006734
602,XboxGamePass,0.00202020202020202,0.0,0.00202020202020202
603,VinnyLingham,0.0006734006734006734,0.0,0.0
604,OJRenick,0.0006734006734006734,0.0,0.0006734006734006734
605,IANRHARDING,0.0006734006734006734,0.0,0.0
606,Crackmacs,0.0006734006734006734,0.0,0.0006734006734006734
607,ProfessorBill_,0.0013468013468013469,0.0,0.0
608,conorsvan1,0.0006734006734006734,0.0,0.0
609,SEC,0.0013468013468013469,0.0,0.0013468013468013469
610,Ficksdrink,0.0006734006734006734,0.0,0.0
611,paulburrer,0.00202020202020202,0.0,0.0
612,RodAlzmann,0.0013468013468013469,0.0,0.0013468013468013469
613,RLocks82,0.0006734006734006734,0.0,0.0
614,BabaCugs,0.0006734006734006734,0.0,0.0006734006734006734
615,TikTokTrade,0.0006734006734006734,0.0,0.0
616,wsbmod,0.00202020202020202,0.0,0.00202020202020202
617,MCRNSTARSHIP,0.0006734006734006734,0.0,0.0
618,CCDarko7empest,0.0006734006734006734,0.0,0.0006734006734006734
619,niktendo,0.0006734006734006734,0.0,0.0
620,Emceemur,0.0013468013468013469,0.0,0.0
621,OigetitBusiness,0.0006734006734006734,0.0,0.0
622,ATX_fight_club,0.0006734006734006734,0.0,0.0006734006734006734
623,Keubiko,0.0006734006734006734,0.0,0.0006734006734006734
624,von_gamez,0.0006734006734006734,0.0,0.0
625,graceclarke,0.0006734006734006734,0.0,0.0
626,TaylorLorenz,0.0006734006734006734,0.0,0.0006734006734006734
627,RaptureTV_,0.0006734006734006734,0.0,0.0
628,DeadByBHVR,0.0006734006734006734,0.0,0.0006734006734006734
629,stevenmarkryan,0.0006734006734006734,0.0,0.0006734006734006734
630,DumbInvestorGuy,0.0006734006734006734,0.0,0.0006734006734006734
631,RendarLord,0.008754208754208754,0.0,0.0
632,PlayStationES,0.0006734006734006734,0.0,0.0006734006734006734
633,XboxMexico,0.0006734006734006734,0.0,0.0006734006734006734
634,XboxArg,0.0006734006734006734,0.0,0.0006734006734006734
635,XboxP3,0.00404040404040404,0.0,0.00404040404040404
636,GeneracionXbox,0.0006734006734006734,0.0,0.0006734006734006734
637,PSTalents,0.0006734006734006734,0.0,0.0006734006734006734
638,PlayStation_LA,0.0006734006734006734,0.0,0.0006734006734006734
639,XboxChile,0.0006734006734006734,0.0,0.0006734006734006734
640,Xbox_Spain,0.0006734006734006734,0.0,0.0006734006734006734
641,Xbox,0.006734006734006735,0.0,0.006734006734006734
642,PSPlusES,0.0006734006734006734,0.0,0.0006734006734006734
643,Fnac_Gamers,0.0006734006734006734,0.0,0.0006734006734006734
644,jisifu,0.00202020202020202,0.0,0.0
645,zerohedge,0.0026936026936026937,0.0,0.0026936026936026937
646,eGO_Maserati,0.0006734006734006734,0.0,0.0
647,StonksTycoon,0.0006734006734006734,0.0,0.0
648,TheStreet,0.0006734006734006734,0.0,0.0006734006734006734
649,BrahsWorld84,0.0006734006734006734,0.0,0.0
650,coinbase,0.0006734006734006734,0.0,0.0006734006734006734
651,tooshifty4you,0.0006734006734006734,0.0,0.0
652,HKayPlay,0.00202020202020202,0.0,0.0
653,XboxSoftmodKit,0.0006734006734006734,0.0,0.0006734006734006734
654,SEGA,0.0013468013468013469,0.0,0.0013468013468013469
655,ElWallStreet,0.0006734006734006734,0.0,0.0
656,spreaker,0.0006734006734006734,0.0,0.0006734006734006734
657,SHO_Mats,0.00202020202020202,0.0,0.0
658,dmy3rs,0.0006734006734006734,0.0,0.0
659,Morzillon,0.0013468013468013469,0.0,0.0
660,TheFwoosh,0.0006734006734006734,0.0,0.0006734006734006734
661,Hasbro,0.0006734006734006734,0.0,0.0006734006734006734
662,Benjyy19,0.0006734006734006734,0.0,0.0
663,thisiswenzel,0.0006734006734006734,0.0,0.0
664,TheOfficialLone,0.0006734006734006734,0.0,0.0
665,senorLupe,0.0006734006734006734,0.0,0.0
666,Siegel4Progress,0.0006734006734006734,0.0,0.0
667,chriskatje,0.0013468013468013469,0.0,0.0
668,Benzinga,0.0026936026936026937,0.0,0.0026936026936026937
669,silberschmelzer,0.0006734006734006734,0.0,0.0
670,SilbergleitJr,0.0006734006734006734,0.0,0.0006734006734006734
671,jeskillings,0.0013468013468013469,0.0,0.0
672,iansherr,0.0006734006734006734,0.0,0.0006734006734006734
673,CNET,0.0013468013468013469,0.0,0.0013468013468013469
674,andrea_tortalla,0.0013468013468013469,0.0,0.0
675,gavin_rynn,0.0006734006734006734,0.0,0.0
676,professorjosh,0.0013468013468013469,0.0,0.0
677,DisFunko,0.0006734006734006734,0.0,0.0006734006734006734
678,esgarchitect,0.00202020202020202,0.0,0.0
679,i3impact,0.0006734006734006734,0.0,0.0006734006734006734
680,ritholtz,0.0006734006734006734,0.0,0.0006734006734006734
681,The_Big_Quench,0.0006734006734006734,0.0,0.0
682,PennyboisStock,0.0013468013468013469,0.0,0.0013468013468013469
683,FreedomCrossing,0.0006734006734006734,0.0,0.0
684,Aroguden,0.0006734006734006734,0.0,0.0
685,StockRoomBully,0.0006734006734006734,0.0,0.0
686,DanBuk4,0.00808080808080808,0.0,0.0
687,TheStalwart,0.00202020202020202,0.0,0.00202020202020202
688,Claudia_Sahm,0.0006734006734006734,0.0,0.0006734006734006734
689,stephenLweiss,0.0006734006734006734,0.0,0.0006734006734006734
690,hunterwalk,0.0006734006734006734,0.0,0.0006734006734006734
691,delk,0.0006734006734006734,0.0,0.0006734006734006734
692,PivotSchooled,0.0006734006734006734,0.0,0.0006734006734006734
693,karaswisher,0.0006734006734006734,0.0,0.0006734006734006734
694,Noahpinion,0.0006734006734006734,0.0,0.0006734006734006734
695,simple_million,0.0006734006734006734,0.0,0.0
696,SlowAnxy,0.0006734006734006734,0.0,0.0
697,OnlyFans,0.0006734006734006734,0.0,0.0006734006734006734
698,STOOFYLIVE,0.0006734006734006734,0.0,0.0
699,Golfcartmike,0.0006734006734006734,0.0,0.0
700,The_Oracle_999,0.0006734006734006734,0.0,0.0
701,ZhugeEX,0.0013468013468013469,0.0,0.0013468013468013469
702,Price_to_Value,0.0033670033670033673,0.0,0.0
703,Greenbackd,0.0006734006734006734,0.0,0.0006734006734006734
704,acquirersx,0.0006734006734006734,0.0,0.0006734006734006734
705,asxbites,0.0006734006734006734,0.0,0.0006734006734006734
706,pipsqu3ak,0.0006734006734006734,0.0,0.0
707,gifyourcsgo,0.0006734006734006734,0.0,0.0006734006734006734
708,l_m_s15,0.0006734006734006734,0.0,0.0006734006734006734
709,underleveraged7,0.0013468013468013469,0.0,0.0
710,bigclasstraitor,0.0006734006734006734,0.0,0.0006734006734006734
711,FdoCifuentesM,0.0013468013468013469,0.0,0.0
712,BudaPuntoCom,0.0006734006734006734,0.0,0.0006734006734006734
713,Guilletorrealba,0.0006734006734006734,0.0,0.0006734006734006734
714,CapitalWatchCom,0.0013468013468013469,0.0,0.0
715,BitcoinMktJrnl,0.0006734006734006734,0.0,0.0
716,MatiGreenspan,0.0013468013468013469,0.0,0.0013468013468013469
717,ByJakez,0.0006734006734006734,0.0,0.0
718,Lethamyr_RL,0.0006734006734006734,0.0,0.0006734006734006734
719,cryptoiscomin,0.0006734006734006734,0.0,0.0
720,macnifty,0.0006734006734006734,0.0,0.0
721,ex____p,0.0006734006734006734,0.0,0.0
722,ToastyStickers,0.0006734006734006734,0.0,0.0006734006734006734
723,silviacastagna,0.0006734006734006734,0.0,0.0
724,AxelShifter,0.006060606060606061,0.0,0.0
725,PromoteAMGamers,0.0006734006734006734,0.0,0.0006734006734006734
726,rtsmallstreams,0.0006734006734006734,0.0,0.0006734006734006734
727,SupStreamers,0.0006734006734006734,0.0,0.0006734006734006734
728,promo_streams,0.0006734006734006734,0.0,0.0006734006734006734
729,RexRTs,0.0006734006734006734,0.0,0.0006734006734006734
730,StreamerWall,0.0006734006734006734,0.0,0.0006734006734006734
731,TemptedEsports,0.0006734006734006734,0.0,0.0006734006734006734
732,jcksngn,0.0013468013468013469,0.0,0.0
733,CapcomUnityBR,0.0006734006734006734,0.0,0.0006734006734006734
734,CapcomUSA_,0.0006734006734006734,0.0,0.0006734006734006734
735,creativecoop15,0.0006734006734006734,0.0,0.0
736,MarketMoversOG,0.0013468013468013469,0.0,0.0
737,cherritoes,0.0006734006734006734,0.0,0.0006734006734006734
738,Ellusiion1,0.0006734006734006734,0.0,0.0006734006734006734
739,aggie_barb,0.0026936026936026937,0.0,0.0
740,cbnc,0.0006734006734006734,0.0,0.0006734006734006734
741,alifarhat79,0.0006734006734006734,0.0,0.0006734006734006734
742,raftofwater,0.00404040404040404,0.0,0.0
743,realDonaldTrump,0.0006734006734006734,0.0,0.0006734006734006734
744,ChuckGrassley,0.0006734006734006734,0.0,0.0006734006734006734
745,pimmfox,0.0006734006734006734,0.0,0.0006734006734006734
746,LizAnnSonders,0.0006734006734006734,0.0,0.0006734006734006734
747,CharlesSchwab,0.0006734006734006734,0.0,0.0006734006734006734
748,conn_matt,0.0006734006734006734,0.0,0.0
749,takberlin,0.0006734006734006734,0.0,0.0
750,muskpiration,0.0006734006734006734,0.0,0.0006734006734006734
751,TigerUSA,0.00202020202020202,0.0,0.0
752,bigtommy10024,0.0006734006734006734,0.0,0.0
753,BanthaSkullcom,0.0006734006734006734,0.0,0.0
754,Collectorian,0.0006734006734006734,0.0,0.0006734006734006734
755,agusnox,0.0006734006734006734,0.0,0.0006734006734006734
756,CGrantWSJ,0.0006734006734006734,0.0,0.0006734006734006734
757,fleckcap,0.0006734006734006734,0.0,0.0006734006734006734
758,tashadfwy,0.0013468013468013469,0.0,0.0
759,ddbuffett,0.0013468013468013469,0.0,0.0
760,CNN,0.0006734006734006734,0.0,0.0006734006734006734
761,byKatherineRoss,0.0013468013468013469,0.0,0.0013468013468013469
762,FullM3talMag,0.0006734006734006734,0.0,0.0
763,Simd26,0.0006734006734006734,0.0,0.0
764,JacksonJennings,0.0006734006734006734,0.0,0.0
765,L1nk_fangirl_69,0.0006734006734006734,0.0,0.0
766,Minecraft,0.0013468013468013469,0.0,0.0013468013468013469
767,TheFinestCC,0.0013468013468013469,0.0,0.0
768,GIJoeOfficial,0.0006734006734006734,0.0,0.0006734006734006734
769,RubberMonsters,0.0006734006734006734,0.0,0.0
770,Elowyn_,0.0006734006734006734,0.0,0.0
771,PokemonGOdeu,0.0006734006734006734,0.0,0.0006734006734006734
772,RealAverageBoy,0.00202020202020202,0.0,0.0
773,SecondPlayerNet,0.0026936026936026937,0.0,0.0
774,VirtualEconCast,0.0006734006734006734,0.0,0.0006734006734006734
775,AmandaFarough,0.0006734006734006734,0.0,0.0006734006734006734
776,Futterish,0.0006734006734006734,0.0,0.0006734006734006734
777,FtseXrp,0.0013468013468013469,0.0,0.0
778,ThinkingCrypto1,0.0006734006734006734,0.0,0.0006734006734006734
779,cz_binance,0.0006734006734006734,0.0,0.0006734006734006734
780,long_nature,0.0006734006734006734,0.0,0.0
781,georgesoros,0.0006734006734006734,0.0,0.0006734006734006734
782,orderoforacles,0.0006734006734006734,0.0,0.0
783,CAPITALRADIOB,0.0006734006734006734,0.0,0.0
784,_luengo98,0.0006734006734006734,0.0,0.0006734006734006734
785,DixieWestMissy,0.0006734006734006734,0.0,0.0
786,GhostfaceKillah,0.0006734006734006734,0.0,0.0006734006734006734
787,lilyachty,0.0006734006734006734,0.0,0.0006734006734006734
788,HiRezTheRapper,0.0006734006734006734,0.0,0.0006734006734006734
789,QE4Everyone,0.0006734006734006734,0.0,0.0
790,AWrikat,0.0006734006734006734,0.0,0.0006734006734006734
791,Urine_Town,0.0006734006734006734,0.0,0.0
792,zillow,0.0006734006734006734,0.0,0.0006734006734006734
793,En92Tech,0.0013468013468013469,0.0,0.0
794,michaelstb558,0.0006734006734006734,0.0,0.0
795,ThreeUglyGuys,0.0006734006734006734,0.0,0.0
796,kerrylance_,0.00202020202020202,0.0,0.0
797,jwpetterchak,0.0006734006734006734,0.0,0.0
798,coinmamba,0.0006734006734006734,0.0,0.0006734006734006734
799,Jenny_Uribe21,0.0006734006734006734,0.0,0.0
800,Joebuitrago,0.0006734006734006734,0.0,0.0
801,Crockett1817,0.0006734006734006734,0.0,0.0
802,rabbitholeinvst,0.0006734006734006734,0.0,0.0
803,EdgeStructure,0.0006734006734006734,0.0,0.0
804,Real_LunchMoney,0.00202020202020202,0.0,0.0
805,Screenwritters,0.0006734006734006734,0.0,0.0006734006734006734
806,Mike24669364,0.0006734006734006734,0.0,0.0006734006734006734
807,equitydotguru,0.0006734006734006734,0.0,0.0
808,UnchartedFx,0.0006734006734006734,0.0,0.0006734006734006734
809,dauxandcompany,0.0006734006734006734,0.0,0.0
810,Crypt0non,0.0006734006734006734,0.0,0.0
811,DocumentBitcoin,0.0006734006734006734,0.0,0.0006734006734006734
812,MikeSmithMedia,0.0013468013468013469,0.0,0.0
813,Jonnybegoodv1,0.0006734006734006734,0.0,0.0
814,loganc3,0.0006734006734006734,0.0,0.0006734006734006734
815,swaGGerscan,0.0006734006734006734,0.0,0.0
816,RichoJourno,0.0006734006734006734,0.0,0.0006734006734006734
817,LATechSpartan,0.0053872053872053875,0.0,0.0
818,Microsoft,0.00202020202020202,0.0,0.00202020202020202
819,Windows,0.0006734006734006734,0.0,0.0006734006734006734
820,Halo,0.0006734006734006734,0.0,0.0006734006734006734
821,pepsi,0.0006734006734006734,0.0,0.0006734006734006734
822,PepsiCo,0.0006734006734006734,0.0,0.0006734006734006734
823,MountainDew,0.0006734006734006734,0.0,0.0006734006734006734
824,wf00757575,0.0006734006734006734,0.0,0.0006734006734006734
825,TeddyGambino,0.0006734006734006734,0.0,0.0006734006734006734
826,adamcotterill95,0.0006734006734006734,0.0,0.0
827,teddyfuse,0.0013468013468013469,0.0,0.0
828,kgreifeld,0.0006734006734006734,0.0,0.0006734006734006734
829,VildanaHajric,0.0006734006734006734,0.0,0.0006734006734006734
830,HammerstoneMar3,0.0006734006734006734,0.0,0.0
831,LoopCapital,0.0006734006734006734,0.0,0.0006734006734006734
832,aic_podcast,0.0013468013468013469,0.0,0.0
833,husam827l,0.0006734006734006734,0.0,0.0
834,TomBrady,0.0006734006734006734,0.0,0.0006734006734006734
835,hatemdhiab,0.0006734006734006734,0.0,0.0
836,GerberKawasaki,0.0006734006734006734,0.0,0.0006734006734006734
837,VolkerGlaser1,0.0006734006734006734,0.0,0.0
838,liathetrader,0.0006734006734006734,0.0,0.0
839,MarcoGrandi83,0.0006734006734006734,0.0,0.0006734006734006734
840,LH_Reid,0.0006734006734006734,0.0,0.0
841,TheVoz4Real,0.0006734006734006734,0.0,0.0006734006734006734
842,BigWormsMoney,0.0006734006734006734,0.0,0.0
843,ayokasystems,0.0006734006734006734,0.0,0.0
844,MicroMacroFile,0.0006734006734006734,0.0,0.0
845,adamscrabble,0.0006734006734006734,0.0,0.0006734006734006734
846,Harshh57095062,0.0006734006734006734,0.0,0.0
847,DTfromGB,0.0006734006734006734,0.0,0.0
848,RampCapitalLLC,0.0006734006734006734,0.0,0.0006734006734006734
849,shbertelsen,0.0006734006734006734,0.0,0.0
850,The_Oracal,0.0006734006734006734,0.0,0.0
851,sanniwaikeyne,0.0006734006734006734,0.0,0.0
852,kolpona54109270,0.0006734006734006734,0.0,0.0
853,Razza92227157,0.0006734006734006734,0.0,0.0
854,PalantirTech,0.0006734006734006734,0.0,0.0006734006734006734
855,RedBullSMCK,0.0006734006734006734,0.0,0.0
856,vossejongk,0.0006734006734006734,0.0,0.0
857,NetflixNL,0.0006734006734006734,0.0,0.0006734006734006734
858,Crazyyo33041557,0.0006734006734006734,0.0,0.0
859,LangUndSchwarz,0.0006734006734006734,0.0,0.0006734006734006734
860,marssfairy,0.0006734006734006734,0.0,0.0
861,darrenculbreath,0.00202020202020202,0.0,0.0
862,thenextweb,0.0006734006734006734,0.0,0.0006734006734006734
863,sanirasheed,0.0006734006734006734,0.0,0.0
864,NeilHiatt,0.0006734006734006734,0.0,0.0
865,JeremyLaylow,0.0026936026936026937,0.0,0.0
866,Riqnation2432,0.0006734006734006734,0.0,0.0006734006734006734
867,TheRealStanLee,0.0006734006734006734,0.0,0.0006734006734006734
868,LordAkiyama,0.0006734006734006734,0.0,0.0
869,GigaBoots,0.0006734006734006734,0.0,0.0006734006734006734
870,Nathanwlove1,0.0033670033670033673,0.0,0.0
871,HappyWarriorP,0.0026936026936026937,0.0,0.0
872,ethangach,0.0006734006734006734,0.0,0.0006734006734006734
873,Kotaku,0.0013468013468013469,0.0,0.0013468013468013469
874,adventurechap,0.0006734006734006734,0.0,0.0
875,OpenOutcrier,0.0006734006734006734,0.0,0.0006734006734006734
876,OptionsMarvin,0.0006734006734006734,0.0,0.0
877,RayDalio,0.0006734006734006734,0.0,0.0006734006734006734
878,William__Kearns,0.0006734006734006734,0.0,0.0
879,EpsilonTheory,0.0006734006734006734,0.0,0.0006734006734006734
880,thenatejc,0.0006734006734006734,0.0,0.0
881,fixedmacro,0.0006734006734006734,0.0,0.0
882,NintenDad609,0.00202020202020202,0.0,0.0
883,FedEx,0.0026936026936026937,0.0,0.0026936026936026937
884,GameStopHelp,0.007407407407407408,0.0,0.007407407407407408
885,ETHwll21,0.0006734006734006734,0.0,0.0
886,gualestrit,0.0006734006734006734,0.0,0.0006734006734006734
887,artorious007,0.0013468013468013469,0.0,0.0
888,tomdice456,0.00202020202020202,0.0,0.0
889,TheGSPC,0.0006734006734006734,0.0,0.0006734006734006734
890,manishm54814873,0.00202020202020202,0.0,0.0
891,UnboxTherapy,0.0006734006734006734,0.0,0.0006734006734006734
892,LewLater,0.0006734006734006734,0.0,0.0006734006734006734
893,willduwilldu,0.0006734006734006734,0.0,0.0006734006734006734
894,Mr_Aleks92,0.0006734006734006734,0.0,0.0
895,Tsla1T,0.0006734006734006734,0.0,0.0
896,nosliwhtes,0.0006734006734006734,0.0,0.0006734006734006734
897,minesweep0r,0.014141414141414142,0.0,0.0
898,CristinaaOchoa,0.0006734006734006734,0.0,0.0006734006734006734
899,Harryha66558694,0.0006734006734006734,0.0,0.0006734006734006734
900,JCullenNow,0.0006734006734006734,0.0,0.0006734006734006734
901,LoretiTV,0.0006734006734006734,0.0,0.0006734006734006734
902,xFernOH,0.0006734006734006734,0.0,0.0006734006734006734
903,erikgarcia01,0.0006734006734006734,0.0,0.0006734006734006734
904,OfficialDeeTV,0.0006734006734006734,0.0,0.0006734006734006734
905,bloxclash99,0.0006734006734006734,0.0,0.0006734006734006734
906,EiliteMorales,0.0006734006734006734,0.0,0.0006734006734006734
907,jesseamccall,0.0006734006734006734,0.0,0.0006734006734006734
908,kadencrites00,0.0006734006734006734,0.0,0.0006734006734006734
909,LittleB90036456,0.0013468013468013469,0.0,0.0013468013468013469
910,SpeeksJack,0.0006734006734006734,0.0,0.0006734006734006734
911,kyle_stroble,0.0006734006734006734,0.0,0.0006734006734006734
912,duh1534,0.0006734006734006734,0.0,0.0006734006734006734
913,PS5StockNews,0.0026936026936026937,0.0,0.0026936026936026937
914,PS5StockUpdates,0.0013468013468013469,0.0,0.0013468013468013469
915,PS5_Restockk,0.0026936026936026937,0.0,0.0026936026936026937
916,TheTechHype,0.0006734006734006734,0.0,0.0006734006734006734
917,EJLHx,0.00202020202020202,0.0,0.0
918,majornelson,0.0006734006734006734,0.0,0.0006734006734006734
919,TheFortuneTell5,0.0013468013468013469,0.0,0.0
920,SEC_Enforcement,0.00202020202020202,0.0,0.00202020202020202
921,SEC_Investor_Ed,0.0013468013468013469,0.0,0.0013468013468013469
922,MarketsWithMB,0.0033670033670033673,0.0,0.0
923,Bitcoin,0.0006734006734006734,0.0,0.0006734006734006734
924,urtrading,0.0006734006734006734,0.0,0.0
925,TplusTwoHolding,0.0006734006734006734,0.0,0.0
926,vwaptrader1,0.0006734006734006734,0.0,0.0006734006734006734
927,TrueKilla2020X,0.0006734006734006734,0.0,0.0
928,TheSiteSupply,0.0053872053872053875,0.0,0.0053872053872053875
929,Ridoy71759716,0.0006734006734006734,0.0,0.0
930,davidjdeal,0.0006734006734006734,0.0,0.0
931,smith86n,0.0006734006734006734,0.0,0.0
932,FacebookWatch,0.0006734006734006734,0.0,0.0006734006734006734
933,TheRoaringKitty,0.0006734006734006734,0.0,0.0006734006734006734
934,MWM76,0.0006734006734006734,0.0,0.0006734006734006734
935,KjetillStjerne,0.0006734006734006734,0.0,0.0006734006734006734
936,RiskMathMoney,0.0006734006734006734,0.0,0.0
937,WilliamNextLev1,0.0006734006734006734,0.0,0.0006734006734006734
938,trendwhizo,0.0006734006734006734,0.0,0.0
939,Nabmatic,0.0013468013468013469,0.0,0.0
940,TopHatStudiosEN,0.0006734006734006734,0.0,0.0006734006734006734
941,IGN,0.0006734006734006734,0.0,0.0006734006734006734
942,The_AltCenter,0.0013468013468013469,0.0,0.0
943,MarkTrade101,0.0006734006734006734,0.0,0.0
944,thebalance,0.0006734006734006734,0.0,0.0006734006734006734
945,MathiasIrons,0.0006734006734006734,0.0,0.0
946,ResearchCitron,0.0026936026936026937,0.0,0.0026936026936026937
947,VGOPodcast,0.0026936026936026937,0.0,0.0
948,ccgamesceo,0.0006734006734006734,0.0,0.0006734006734006734
949,blkdog7,0.0006734006734006734,0.0,0.0006734006734006734
950,CoastalMichelle,0.0006734006734006734,0.0,0.0006734006734006734
951,MattoMcFly,0.0006734006734006734,0.0,0.0006734006734006734
952,badpanda710,0.0006734006734006734,0.0,0.0
953,bigpoppanard,0.00202020202020202,0.0,0.0
954,LilFlip713,0.0006734006734006734,0.0,0.0006734006734006734
955,DjFar,0.0006734006734006734,0.0,0.0006734006734006734
956,DatPiff,0.0006734006734006734,0.0,0.0006734006734006734
957,HenryGindt,0.0006734006734006734,0.0,0.0
958,Keith_Wasserman,0.0006734006734006734,0.0,0.0006734006734006734
959,TKV93096440,0.0006734006734006734,0.0,0.0
960,BP_Rising,0.0006734006734006734,0.0,0.0
961,suavelyderanged,0.0006734006734006734,0.0,0.0006734006734006734
962,TheSavageWulf,0.0006734006734006734,0.0,0.0
963,DeplorableNickp,0.00202020202020202,0.0,0.0
964,AdjournedBTW,0.0006734006734006734,0.0,0.0006734006734006734
965,bringbackjackie,0.00202020202020202,0.0,0.0
966,RiskReversal,0.0006734006734006734,0.0,0.0006734006734006734
967,MelissaLeeCNBC,0.0006734006734006734,0.0,0.0006734006734006734
968,Zayphar,0.0006734006734006734,0.0,0.0
969,CitronResearch2,0.0006734006734006734,0.0,0.0006734006734006734
970,SzakalJackal,0.0013468013468013469,0.0,0.0
971,simranpal365,0.00202020202020202,0.0,0.0
972,TexasOilYachts,0.0006734006734006734,0.0,0.0
973,IonisDisrupts,0.0006734006734006734,0.0,0.0
974,thenewsoncnbc,0.0006734006734006734,0.0,0.0006734006734006734
975,KartoonBlue,0.00202020202020202,0.0,0.0
976,Chewy,0.0006734006734006734,0.0,0.0006734006734006734
977,Glaviolis,0.0006734006734006734,0.0,0.0
978,SenSanders,0.0006734006734006734,0.0,0.0006734006734006734
979,DavidSacks777,0.0053872053872053875,0.0,0.0
980,sonicmega,0.0006734006734006734,0.0,0.0006734006734006734
981,professorstonk,0.0006734006734006734,0.0,0.0
982,VitoGesualdi,0.0006734006734006734,0.0,0.0006734006734006734
983,brad_polumbo,0.0006734006734006734,0.0,0.0006734006734006734
984,HourlyStocks,0.0006734006734006734,0.0,0.0
985,__no__chill_,0.0006734006734006734,0.0,0.0
986,MrDinkles10,0.0006734006734006734,0.0,0.0
987,SupplyNinja,0.006060606060606061,0.0,0.006060606060606061
988,big_britches,0.0013468013468013469,0.0,0.0
989,thinkgeek,0.0006734006734006734,0.0,0.0006734006734006734
990,npbourse,0.0006734006734006734,0.0,0.0
991,bon_laetitia,0.0006734006734006734,0.0,0.0006734006734006734
992,chickenbox390,0.0006734006734006734,0.0,0.0
993,120HSK,0.0006734006734006734,0.0,0.0006734006734006734
994,zampemo,0.00202020202020202,0.0,0.0
995,andreabrg97,0.0013468013468013469,0.0,0.0013468013468013469
996,LeoQtrader,0.0006734006734006734,0.0,0.0
997,karmsingh,0.0006734006734006734,0.0,0.0
998,MRKTinsider,0.0013468013468013469,0.0,0.0
999,Somoca,0.0006734006734006734,0.0,0.0
1000,_GuyShook_,0.0006734006734006734,0.0,0.0006734006734006734
1001,BeardedDG,0.0006734006734006734,0.0,0.0
1002,KLVMNRD,0.0006734006734006734,0.0,0.0
1003,sirbur1991,0.0006734006734006734,0.0,0.0
1004,Reggie,0.00202020202020202,0.0,0.00202020202020202
1005,Hedgeye,0.0013468013468013469,0.0,0.0
1006,HedgeyeRetail,0.0013468013468013469,0.0,0.0013468013468013469
1007,HedgeyeRetailJM,0.0006734006734006734,0.0,0.0006734006734006734
1008,david_torque,0.0006734006734006734,0.0,0.0
1009,BW,0.0006734006734006734,0.0,0.0006734006734006734
1010,CathieDWood,0.0006734006734006734,0.0,0.0006734006734006734
1011,LiveBreatheFX,0.0006734006734006734,0.0,0.0
1012,BradMunchen,0.0006734006734006734,0.0,0.0006734006734006734
1013,TortyCash,0.0006734006734006734,0.0,0.0
1014,wmd4x,0.0006734006734006734,0.0,0.0006734006734006734
1015,theangrylisas,0.0013468013468013469,0.0,0.0
1016,Liquid_Quants,0.0006734006734006734,0.0,0.0
1017,andrewhorowitz,0.0006734006734006734,0.0,0.0006734006734006734
1018,Lee_in_Iowa,0.0013468013468013469,0.0,0.0
1019,LaurenDownSouth,0.0006734006734006734,0.0,0.0006734006734006734
1020,PabloLerdoNews,0.0006734006734006734,0.0,0.0006734006734006734
1021,Hugh_Henne,0.0006734006734006734,0.0,0.0006734006734006734
1022,jongord0n,0.0006734006734006734,0.0,0.0006734006734006734
1023,crawnical,0.0006734006734006734,0.0,0.0
1024,wsb,0.0006734006734006734,0.0,0.0006734006734006734
1025,MCornilliet,0.0006734006734006734,0.0,0.0
1026,tommasop93,0.0006734006734006734,0.0,0.0
1027,i9theghost5,0.0006734006734006734,0.0,0.0006734006734006734
1028,AreteTrading,0.0006734006734006734,0.0,0.0006734006734006734
1029,KaA_KeN_TtV,0.0006734006734006734,0.0,0.0
1030,MatthewFresquez,0.00202020202020202,0.0,0.0
1031,Sony,0.0033670033670033673,0.0,0.003367003367003367
1032,jeterboy11,0.0026936026936026937,0.0,0.0
1033,Rapid__RTs,0.0006734006734006734,0.0,0.0006734006734006734
1034,chefhughesie,0.0013468013468013469,0.0,0.0
1035,33Apparition,0.0013468013468013469,0.0,0.0
1036,Radical_Reggie,0.0006734006734006734,0.0,0.0006734006734006734
1037,MetalJesusRocks,0.0006734006734006734,0.0,0.0006734006734006734
1038,RyTheGuySmith,0.00202020202020202,0.0,0.0
1039,JCOviedo6,0.0006734006734006734,0.0,0.0006734006734006734
1040,positivejourney,0.00202020202020202,0.0,0.0
1041,jimjustvibing,0.0006734006734006734,0.0,0.0006734006734006734
1042,notyourtweetter,0.0006734006734006734,0.0,0.0006734006734006734
1043,BuyTheRumorSell,0.0006734006734006734,0.0,0.0
1044,ThePapaHacker,0.00202020202020202,0.0,0.0
1045,DeloneStan,0.0026936026936026937,0.0,0.0
1046,JJ1996z,0.0006734006734006734,0.0,0.0
1047,MPL20K,0.0006734006734006734,0.0,0.0006734006734006734
1048,GUOHENG80717128,0.0006734006734006734,0.0,0.0
1049,Stephacadabra,0.0006734006734006734,0.0,0.0
1050,AdmaAnime,0.0006734006734006734,0.0,0.0
1051,ComicBook,0.0006734006734006734,0.0,0.0006734006734006734
1052,itkhan9,0.0013468013468013469,0.0,0.0
1053,RobloxRobux4u,0.0006734006734006734,0.0,0.0006734006734006734
1054,EzRobuxGG,0.0006734006734006734,0.0,0.0006734006734006734
1055,WraithLette,0.0013468013468013469,0.0,0.0
1056,nkhborn808,0.0006734006734006734,0.0,0.0
1057,murphybre96,0.0013468013468013469,0.0,0.0
1058,Wario64,0.0026936026936026937,0.0,0.0026936026936026937
1059,TatasMcGeee,0.0013468013468013469,0.0,0.0
1060,CyberpunkGame,0.00202020202020202,0.0,0.00202020202020202
1061,HardlyRealTom,0.00202020202020202,0.0,0.0
1062,JEgnasher,0.0006734006734006734,0.0,0.0
1063,hofflee51,0.0006734006734006734,0.0,0.0
1064,YtNextGenGaming,0.00808080808080808,0.0,0.00808080808080808
1065,sheriffmiggy2,0.0006734006734006734,0.0,0.0
1066,chrisprodol,0.0026936026936026937,0.0,0.0
1067,ChitoGaminYT,0.0033670033670033673,0.0,0.003367003367003367
1068,sneakerhuddle,0.0006734006734006734,0.0,0.0006734006734006734
1069,Jake_Randall_YT,0.006060606060606061,0.0,0.006121824303642485
1070,AttractiveOHBoy,0.00202020202020202,0.0,0.0
1071,AskPlayStation,0.0013468013468013469,0.0,0.0013468013468013469
1072,CopalCapital,0.0006734006734006734,0.0,0.0
1073,UgetgotSan,0.0006734006734006734,0.0,0.0
1074,Nicdady1,0.0006734006734006734,0.0,0.0
1075,CRONIC_THEGOD,0.0006734006734006734,0.0,0.0
1076,playmaker09,0.0013468013468013469,0.0,0.0
1077,LizClaman,0.0013468013468013469,0.0,0.0
1078,ClamanCountdown,0.0006734006734006734,0.0,0.0006734006734006734
1079,fuzzybakon,0.0006734006734006734,0.0,0.0
1080,felisha38875822,0.0006734006734006734,0.0,0.0
1081,EbbeNeus,0.0006734006734006734,0.0,0.0
1082,Juliee_Nguyen,0.0013468013468013469,0.0,0.0
1083,Warstorys,0.0006734006734006734,0.0,0.0
1084,phynancegaming,0.0006734006734006734,0.0,0.0
1085,dbgambit,0.0006734006734006734,0.0,0.0
1086,ReninerTV,0.0006734006734006734,0.0,0.0
1087,Everyone,0.0006734006734006734,0.0,0.0006734006734006734
1088,kaleb_caldwell,0.0013468013468013469,0.0,0.0
1089,RutgersRivals,0.0013468013468013469,0.0,0.0
1090,ThaRealMFA,0.0013468013468013469,0.0,0.0
1091,thenotoriousFI4,0.0006734006734006734,0.0,0.0
1092,Nick91724382,0.0006734006734006734,0.0,0.0
1093,Guilty1144,0.0013468013468013469,0.0,0.0
1094,RwKipz,0.0013468013468013469,0.0,0.0
1095,RithmicStream,0.0006734006734006734,0.0,0.0
1096,HomeTeamZay,0.0006734006734006734,0.0,0.0
1097,PlayApex,0.0006734006734006734,0.0,0.0006734006734006734
1098,Hitechbots,0.0006734006734006734,0.0,0.0
1099,slashgear,0.0006734006734006734,0.0,0.0006734006734006734
1100,B_o_P_Gaming,0.0006734006734006734,0.0,0.0
1101,ErikaVonHinten,0.0006734006734006734,0.0,0.0
1102,William05201868,0.0006734006734006734,0.0,0.0006734006734006734
1103,PS5restocks_etc,0.0026936026936026937,1.361322116039097e-06,0.0006734006734006734
1104,frankforte_,0.0006734006734006734,0.0,0.0008978675645342312
1105,FreedRuss,0.0006734006734006734,0.0,0.0
1106,WSB_Scoop,0.0006734006734006734,0.0,0.0
1107,David98551461,0.0006734006734006734,0.0,0.0
1108,felici_rio,0.0006734006734006734,0.0,0.0
1109,KamalaHarris,0.0006734006734006734,0.0,0.0006734006734006734
1110,StevenTheWeed,0.00202020202020202,0.0,0.0
1111,GHavenEsports1,0.0006734006734006734,0.0,0.0
1112,TheRealDeJester,0.0006734006734006734,0.0,0.0006734006734006734
1113,BPekera,0.0006734006734006734,0.0,0.0008978675645342312
1114,ShadoworksGames,0.00202020202020202,0.0,0.0
1115,Queen_Chaunti,0.0006734006734006734,0.0,0.0
1116,wdtorres21,0.0033670033670033673,0.0,0.0
1117,kingrestock,0.0006734006734006734,0.0,0.0006734006734006734
1118,PS5Drop,0.0013468013468013469,0.0,0.0013468013468013469
1119,billionswithad,0.0026936026936026937,9.075480773593981e-07,0.0006734006734006734
1120,therussinjewish,0.0013468013468013469,0.0,0.0
1121,TweetistElitist,0.00202020202020202,0.0,0.0
1122,shAAkkyy21,0.0006734006734006734,0.0,0.0006734006734006734
1123,XboxSupport,0.00202020202020202,0.0,0.00202020202020202
1124,CocaineCramer,0.0006734006734006734,0.0,0.0008978675645342312
1125,FoldupRex,0.0006734006734006734,0.0,0.0
1126,JoeBiden,0.0006734006734006734,0.0,0.0006734006734006734
1127,Rosa_Yanez831,0.0006734006734006734,0.0,0.0
1128,tikrstkr,0.00202020202020202,0.0,0.0
1129,Change,0.0006734006734006734,0.0,0.0006734006734006734
1130,coleccionistasX,0.0006734006734006734,0.0,0.0
1131,EdenWinchester,0.0006734006734006734,0.0,0.0
1132,_CIAD_,0.0013468013468013469,0.0,0.0
1133,skinnyjoefan,0.0006734006734006734,0.0,0.0006734006734006734
1134,gametogether00,0.0006734006734006734,0.0,0.0
1135,Wendys,0.0006734006734006734,0.0,0.0006734006734006734
1136,2kCata,0.0006734006734006734,0.0,0.0
1137,Pam_Makiyama7,0.0006734006734006734,0.0,0.0
1138,funkofinderz,0.0006734006734006734,0.0,0.0
1139,anerdydad,0.0006734006734006734,0.0,0.0006734006734006734
1140,SavvasKonst,0.0006734006734006734,0.0,0.0
1141,gridnex,0.0006734006734006734,0.0,0.0006734006734006734
1142,realgeorgep,0.0006734006734006734,0.0,0.0
1143,Rayandin24,0.0006734006734006734,0.0,0.0006734006734006734
1144,Panicinthehills,0.0013468013468013469,0.0,0.0
1145,PS5StockAlerts,0.0026936026936026937,0.0,0.0026936026936026937
1146,elgato,0.0006734006734006734,0.0,0.0006734006734006734
1147,barronsonline,0.0013468013468013469,0.0,0.0013468013468013469
1148,MagikMoogle,0.0006734006734006734,0.0,0.0
1149,nypost,0.0006734006734006734,0.0,0.0006734006734006734
1150,PrinceakeemIII,0.0006734006734006734,0.0,0.0
1151,KyleOrl,0.0006734006734006734,0.0,0.0006734006734006734
1152,benkimr,0.0026936026936026937,0.0,0.0
1153,EdwardVal29,0.0006734006734006734,0.0,0.0
1154,this__is__shiv,0.0006734006734006734,0.0,0.0006734006734006734
1155,thiccerer,0.00202020202020202,0.0,0.0
1156,bullmamanyc,0.0006734006734006734,0.0,0.0
1157,NJvanEkCapital,0.0006734006734006734,0.0,0.0
1158,muddywatersre,0.0006734006734006734,0.0,0.0006734006734006734
1159,FrederikVP96,0.0006734006734006734,0.0,0.0
1160,mvdroogenbroeck,0.0006734006734006734,0.0,0.0006734006734006734
1161,SPCEshipTwo,0.0013468013468013469,0.0,0.0
1162,Theron_Mohamed,0.0006734006734006734,0.0,0.0006734006734006734
1163,_Chuncha_04,0.0006734006734006734,0.0,0.0
1164,PlatonicGames,0.0006734006734006734,0.0,0.0006734006734006734
1165,thesuluman,0.0006734006734006734,0.0,0.0
1166,matta19811,0.0006734006734006734,0.0,0.0
1167,itsBladez,0.0006734006734006734,0.0,0.0006734006734006734
1168,Yegnah,0.00202020202020202,0.0,0.0
1169,stocksandteeth,0.00202020202020202,0.0,0.0006734006734006734
1170,TheAtlLETDOWN,0.0006734006734006734,0.0,0.0
1171,ps5botde,0.0006734006734006734,0.0,0.0006734006734006734
1172,stocksnbonds3,0.0013468013468013469,0.0,0.0
1173,40,0.0006734006734006734,0.0,0.0006734006734006734
1174,15,0.0006734006734006734,0.0,0.0006734006734006734
1175,excellencia_ltd,0.0006734006734006734,0.0,0.0
1176,CorpSecMag,0.0006734006734006734,0.0,0.0006734006734006734
1177,PumkinTheArtist,0.0006734006734006734,0.0,0.0
1178,cantspell,0.0006734006734006734,0.0,0.0006734006734006734
1179,Two_Hands_Revy,0.0013468013468013469,0.0,0.0
1180,bunnydelphine,0.0006734006734006734,0.0,0.0006734006734006734
1181,krypto2276,0.0006734006734006734,0.0,0.0
1182,kimmyb711,0.0006734006734006734,0.0,0.0
1183,DrLupo,0.0006734006734006734,0.0,0.0006734006734006734
1184,ModernXXV,0.0006734006734006734,0.0,0.0
1185,CallofDuty,0.0006734006734006734,0.0,0.0006734006734006734
1186,qualityofwifea1,0.00202020202020202,0.0,0.0
1187,Fever4Flava,0.0006734006734006734,0.0,0.0
1188,Jizmo29,0.0006734006734006734,0.0,0.0
1189,NAIFYX1,0.0006734006734006734,0.0,0.0
1190,TACGmusic,0.0006734006734006734,0.0,0.0
1191,CreymartG,0.0006734006734006734,0.0,0.0006734006734006734
1192,GrnFrg22,0.00202020202020202,0.0,0.0
1193,SailorTortilla,0.0006734006734006734,0.0,0.0006734006734006734
1194,Ochibawolf,0.0006734006734006734,0.0,0.0006734006734006734
1195,SMObss,0.0006734006734006734,0.0,0.0006734006734006734
1196,trottercast,0.0006734006734006734,0.0,0.0
1197,Phatgameboy,0.0013468013468013469,0.0,0.0
1198,VeganHodophile,0.0026936026936026937,0.0,0.0
1199,Hiredshoota,0.0006734006734006734,0.0,0.0
1200,NintendoYokai,0.0006734006734006734,0.0,0.0
1201,ManyHorsesAZ,0.0006734006734006734,0.0,0.0
1202,VallentineXz,0.0006734006734006734,0.0,0.0
1203,Brawlhalla,0.0006734006734006734,0.0,0.0006734006734006734
1204,Trident_TV1,0.0013468013468013469,0.0,0.0
1205,ImmenZEsports,0.0006734006734006734,0.0,0.0006734006734006734
1206,Ps4Funny,0.00404040404040404,0.0,0.0
1207,CupheadShow,0.0006734006734006734,0.0,0.0006734006734006734
1208,cuphead,0.0006734006734006734,0.0,0.0006734006734006734
1209,CupheadContext,0.0006734006734006734,0.0,0.0006734006734006734
1210,Cupboy69,0.0006734006734006734,0.0,0.0006734006734006734
1211,MinandCup,0.0006734006734006734,0.0,0.0006734006734006734
1212,CupheadWith,0.0006734006734006734,0.0,0.0006734006734006734
1213,sendmeaweebl,0.00202020202020202,0.0,0.0
1214,noteddieng,0.0006734006734006734,0.0,0.0006734006734006734
1215,Ms_Desiree,0.00202020202020202,0.0,0.0
1216,chyeeahhh,0.0006734006734006734,0.0,0.0
1217,Novan_Biotech,0.0006734006734006734,0.0,0.0006734006734006734
1218,firelu21,0.0006734006734006734,0.0,0.0
1219,joeyryanbaumunk,0.0013468013468013469,0.0,0.0
1220,ParadigmBroken,0.0006734006734006734,0.0,0.0006734006734006734
1221,CrypticD,0.0006734006734006734,0.0,0.0006734006734006734
1222,GameMom77,0.0006734006734006734,0.0,0.0
1223,sicktrader66,0.0006734006734006734,0.0,0.0008978675645342312
1224,bpruett_yt,0.0006734006734006734,0.0,0.0
1225,Jdphelps2483,0.0006734006734006734,0.0,0.0
1226,superkid801,0.0006734006734006734,0.0,0.0
1227,SKINSGaming,0.0006734006734006734,0.0,0.0006734006734006734
1228,BoogieJun,0.0006734006734006734,0.0,0.0
1229,HaloGear,0.0006734006734006734,0.0,0.0006734006734006734
1230,whoami_sean,0.0006734006734006734,0.0,0.0
1231,dcappsnationboy,0.0006734006734006734,0.0,0.0
1232,MrWonderful1993,0.0006734006734006734,0.0,0.0
1233,CiscoMerakian,0.0013468013468013469,0.0,0.0
1234,marceloclaure,0.0006734006734006734,0.0,0.0006734006734006734
1235,RaphJV,0.0006734006734006734,0.0,0.0
1236,XboxSquadFr,0.0006734006734006734,0.0,0.0006734006734006734
1237,CoopTrioPod,0.0006734006734006734,0.0,0.0
1238,DartMultimedia,0.00404040404040404,0.0,0.0
1239,wccftech,0.0006734006734006734,0.0,0.0006734006734006734
1240,klobrille,0.0006734006734006734,0.0,0.0006734006734006734
1241,bogorad222,0.0006734006734006734,0.0,0.0006734006734006734
1242,haruspis,0.0006734006734006734,0.0,0.0006734006734006734
1243,Lepidus117,0.0006734006734006734,0.0,0.0006734006734006734
1244,sacrediconpod,0.0006734006734006734,0.0,0.0006734006734006734
1245,LobbyHobby2,0.0006734006734006734,0.0,0.0
1246,CNBCFastMoney,0.0006734006734006734,0.0,0.0006734006734006734
1247,jflomario,0.0006734006734006734,0.0,0.0
1248,googlenews,0.0006734006734006734,0.0,0.0006734006734006734
1249,sandors24,0.004713804713804714,0.0,0.0
1250,wandavision,0.0006734006734006734,0.0,0.0006734006734006734
1251,Marvel,0.0006734006734006734,0.0,0.0006734006734006734
1252,MarvelStudios,0.0006734006734006734,0.0,0.0006734006734006734
1253,FrischsBigBoy,0.0006734006734006734,0.0,0.0006734006734006734
1254,UndeadDM,0.0033670033670033673,0.0,0.0
1255,LaRockObama,0.0006734006734006734,0.0,0.0
1256,tmcg89,0.0006734006734006734,0.0,0.0006734006734006734
1257,gamblers_dream,0.0006734006734006734,0.0,0.0
1258,realwillmeade,0.0006734006734006734,0.0,0.0006734006734006734
1259,margaretglaser,0.00202020202020202,0.0,0.0
1260,duranfly,0.0006734006734006734,0.0,0.0006734006734006734
1261,JDawg2482,0.0013468013468013469,0.0,0.0
1262,TheActMan_YT,0.0006734006734006734,0.0,0.0006734006734006734
1263,JVBetaPhotos,0.0006734006734006734,0.0,0.0
1264,DopeDigitalz,0.0006734006734006734,0.0,0.0006734006734006734
1265,19degzlac60,0.0006734006734006734,0.0,0.0006734006734006734
1266,GregLongfellow,0.0006734006734006734,0.0,0.0
1267,muckbucked,0.0006734006734006734,0.0,0.0
1268,StarGameOficial,0.00202020202020202,0.0,0.0
1269,VALORANTBrasil,0.0006734006734006734,0.0,0.0006734006734006734
1270,TwitchBR,0.0006734006734006734,0.0,0.0006734006734006734
1271,RiotGamesBrasil,0.0006734006734006734,0.0,0.0006734006734006734
1272,CarolinaDElia_,0.0006734006734006734,0.0,0.0
1273,yeslife,0.0006734006734006734,0.0,0.0006734006734006734
1274,GamrWeeknd,0.0013468013468013469,0.0,0.0
1275,BethesdaStudios,0.0006734006734006734,0.0,0.0006734006734006734
1276,LucasfilmGames,0.0006734006734006734,0.0,0.0006734006734006734
1277,cat_irizarry,0.0006734006734006734,0.0,0.0
1278,JustBaldridge,0.00202020202020202,0.0,0.0
1279,DealVibes,0.0013468013468013469,0.0,0.0
1280,lEoSoLiS510,0.0006734006734006734,0.0,0.0
1281,KINGDJTRICKS,0.0006734006734006734,0.0,0.0
1282,connorasmith_,0.0006734006734006734,0.0,0.0006734006734006734
1283,CakeTrap,0.0006734006734006734,0.0,0.0
1284,wanderingwon,0.0013468013468013469,0.0,0.0
1285,SubsidiaQueen,0.0013468013468013469,0.0,0.0
1286,TwitterGaming,0.0006734006734006734,0.0,0.0006734006734006734
1287,Fatihhhhyldzzz,0.00404040404040404,0.0,0.0
1288,FANSOutlast,0.0006734006734006734,0.0,0.0006734006734006734
1289,pcgamer,0.0006734006734006734,0.0,0.0006734006734006734
1290,GameSpot,0.0013468013468013469,0.0,0.0013468013468013469
1291,HealthyGamerGG,0.0006734006734006734,0.0,0.0006734006734006734
1292,GamesRadar,0.0006734006734006734,0.0,0.0006734006734006734
1293,RyanOzzie,0.0006734006734006734,0.0,0.0
1294,fluffymclovin23,0.0013468013468013469,0.0,0.0
1295,RJeshop,0.0006734006734006734,0.0,0.0
1296,bluescorpionRM,0.0013468013468013469,0.0,0.0
1297,JesusShuttlewor,0.0013468013468013469,0.0,0.0
1298,KeithMcCullough,0.0006734006734006734,0.0,0.0006734006734006734
1299,kbx_tse,0.0013468013468013469,0.0,0.0
1300,AtilayElmas,0.0006734006734006734,0.0,0.0
1301,Rogue_Luna,0.0013468013468013469,0.0,0.0
1302,BioHazardBoi_,0.0006734006734006734,0.0,0.0
1303,Activision,0.0006734006734006734,0.0,0.0006734006734006734
1304,dnaRtests,0.0006734006734006734,0.0,0.0
1305,seoul86,0.0006734006734006734,0.0,0.0
1306,Jokojima2,0.0013468013468013469,0.0,0.0
1307,EpicGames,0.0006734006734006734,0.0,0.0006734006734006734
1308,_Hurricane_You_,0.0006734006734006734,0.0,0.0
1309,AnDullahan,0.0013468013468013469,0.0,0.0
1310,GameStopIE,0.0006734006734006734,0.0,0.0006734006734006734
1311,Marco_Violani22,0.0013468013468013469,0.0,0.0
1312,GameStopItalia,0.0006734006734006734,0.0,0.0006734006734006734
1313,TyBriLong,0.0006734006734006734,0.0,0.0
1314,Pokeydjgamer3,0.0013468013468013469,0.0,0.0
1315,NintendoAmerica,0.0006734006734006734,0.0,0.0006734006734006734
1316,HandsteamSports,0.0006734006734006734,0.0,0.0
1317,TheSlapcat,0.0026936026936026937,0.0,0.0
1318,BestBuy,0.0006734006734006734,0.0,0.0006734006734006734
1319,Target,0.0006734006734006734,0.0,0.0006734006734006734
1320,_BrianDaniels,0.0006734006734006734,0.0,0.0
1321,ksfdon,0.00404040404040404,0.0,0.0
1322,FedExOffice,0.0006734006734006734,0.0,0.0006734006734006734
1323,FedExHelp,0.0006734006734006734,0.0,0.0006734006734006734
1324,FedExForum,0.0006734006734006734,0.0,0.0006734006734006734
1325,MelTheVamp1,0.0006734006734006734,0.0,0.0
1326,CookiesGame47,0.0006734006734006734,0.0,0.0006734006734006734
1327,EddieMunster289,0.0006734006734006734,0.0,0.0
1328,kimwilde,0.0006734006734006734,0.0,0.0006734006734006734
1329,BProlific1911,0.0006734006734006734,0.0,0.0
1330,NowInStock,0.0006734006734006734,0.0,0.0006734006734006734
1331,whozae,0.0026936026936026937,0.0,0.0
1332,blankonbeast,0.0006734006734006734,0.0,0.0
1333,BigCheeseKIT,0.00202020202020202,0.0,0.0
1334,GoPro,0.0006734006734006734,0.0,0.0006734006734006734
1335,retrohutgamer,0.0006734006734006734,0.0,0.0
1336,enkgraphix,0.0006734006734006734,0.0,0.0
1337,The_jhood,0.0006734006734006734,0.0,0.0
1338,ps5_restocks,0.0006734006734006734,0.0,0.0006734006734006734
1339,anairisgarces1,0.0013468013468013469,0.0,0.0
1340,fartinthedark69,0.0006734006734006734,0.0,0.0006734006734006734
1341,Toradora031,0.00404040404040404,0.0,0.0
1342,linuswilson,0.0026936026936026937,0.0,0.0026936026936026937
1343,ShowtimePro4,0.00202020202020202,0.0,0.00202020202020202
1344,CodyF14381672,0.00202020202020202,0.0,0.0
1345,boykimba,0.0006734006734006734,0.0,0.0
1346,EastBrokage,0.0006734006734006734,0.0,0.0006734006734006734
1347,MikeyLovesRetro,0.0006734006734006734,0.0,0.0
1348,JJoohnj,0.0006734006734006734,0.0,0.0
1349,jeremiahkb97,0.0006734006734006734,0.0,0.0006734006734006734
1350,danillo58515990,0.0013468013468013469,0.0,0.0
1351,BuhBuhBakes,0.0006734006734006734,0.0,0.0
1352,FromCAtoNevada,0.00202020202020202,0.0,0.0
1353,PS5RestockAlert,0.0006734006734006734,0.0,0.0006734006734006734
1354,Fam0usle0n,0.00202020202020202,0.0,0.0
1355,Dubs_CP,0.0013468013468013469,0.0,0.0013468013468013469
1356,best_alerts,0.0006734006734006734,0.0,0.0
1357,callumstan1,0.00202020202020202,0.0,0.0
1358,Micheal74606768,0.0006734006734006734,0.0,0.0
1359,bmurphypointman,0.0006734006734006734,0.0,0.0006734006734006734
1360,XboxGamers2020,0.0033670033670033673,0.0,0.0
1361,raredrop,0.0006734006734006734,0.0,0.0006734006734006734
1362,thecollective,0.0006734006734006734,0.0,0.0006734006734006734
1363,custom_amiibo,0.0006734006734006734,0.0,0.0
1364,brave,0.0006734006734006734,0.0,0.0008978675645342312
1365,KeylaAdam,0.0013468013468013469,0.0,0.0
1366,Cru1,0.0006734006734006734,0.0,0.0
1367,RichieHustles,0.0006734006734006734,0.0,0.0
1368,cinnamonqueenn,0.0013468013468013469,0.0,0.0
1369,GrayGameReviews,0.0006734006734006734,0.0,0.0
1370,SteveWrightJr,0.0013468013468013469,0.0,0.0
1371,YouTubeCreators,0.0013468013468013469,0.0,0.0013468013468013469
1372,xomaru15,0.0013468013468013469,0.0,0.0
1373,SnakedogsSpawn,0.0006734006734006734,0.0,0.0
1374,ScubaMagicHD,0.0006734006734006734,0.0,0.0006734006734006734
1375,sanebeings,0.0013468013468013469,0.0,0.0
1376,VastGG,0.0006734006734006734,0.0,0.0006734006734006734
1377,aarongreenberg,0.0006734006734006734,0.0,0.0006734006734006734
1378,MicrosoftStore,0.0006734006734006734,0.0,0.0006734006734006734
1379,mrthang,0.0006734006734006734,0.0,0.0
1380,snkr_twitr,0.0026936026936026937,0.0,0.0026936026936026937
1381,jets4life1228,0.0006734006734006734,0.0,0.0
1382,bigtwit1033,0.0006734006734006734,0.0,0.0
1383,Gr3yB3ard76,0.0006734006734006734,0.0,0.0
1384,Ghostbusters,0.0006734006734006734,0.0,0.0006734006734006734
1385,BriefTheBreaker,0.0006734006734006734,0.0,0.0
1386,bizzarnage,0.0006734006734006734,0.0,0.0006734006734006734
1387,AbgOutlaw,0.0006734006734006734,0.0,0.0
1388,GYXdeals,0.0006734006734006734,0.0,0.0006734006734006734
1389,DNPthree,0.0006734006734006734,0.0,0.0006734006734006734
1390,DxGFrost,0.0013468013468013469,0.0,0.0
1391,ps5restock6,0.0006734006734006734,0.0,0.0006734006734006734
1392,sportcardbreak,0.0006734006734006734,0.0,0.0
1393,iBeckTech,0.0013468013468013469,0.0,0.0
1394,SouthernHillsIA,0.0006734006734006734,0.0,0.0006734006734006734
1395,stephen_dolly,0.0013468013468013469,0.0,0.0
1396,DoorDash,0.0006734006734006734,0.0,0.0006734006734006734
1397,KatTangTwt,0.0006734006734006734,0.0,0.0006734006734006734
1398,jabezin,0.0013468013468013469,0.0,0.0
1399,KatsuyaTheFuuk,0.0006734006734006734,0.0,0.0006734006734006734
1400,nomadixxx,0.0006734006734006734,0.0,0.0
1401,VampireKitten,0.0006734006734006734,0.0,0.0006734006734006734
1402,JohnMOFOThomas,0.0006734006734006734,0.0,0.0
1403,NetworkBSG,0.0006734006734006734,0.0,0.0
1404,JoeBuddyNC910,0.0006734006734006734,0.0,0.0006734006734006734
1405,Mayeesah,0.0006734006734006734,0.0,0.0
1406,BDeadmoon,0.0006734006734006734,0.0,0.0
1407,LenaAllDay,0.0006734006734006734,0.0,0.0
1408,GenoBlackGaming,0.006734006734006735,0.0,0.0
1409,scottabrown9,0.0006734006734006734,0.0,0.0006734006734006734
1410,TheBeas26980256,0.0006734006734006734,0.0,0.0006734006734006734
1411,MrBig_Amount,0.0006734006734006734,0.0,0.0006734006734006734
1412,Javierr_06,0.0006734006734006734,0.0,0.0006734006734006734
1413,_therealAWebbo_,0.0006734006734006734,0.0,0.0006734006734006734
1414,Joshua54491149,0.0006734006734006734,0.0,0.0006734006734006734
1415,hightowerDMC,0.0006734006734006734,0.0,0.0006734006734006734
1416,cyheedals,0.0006734006734006734,0.0,0.0006734006734006734
1417,Clayton81125699,0.0006734006734006734,0.0,0.0006734006734006734
1418,MizMia0419,0.0006734006734006734,0.0,0.0
1419,mfthames,0.0006734006734006734,0.0,0.0
1420,TheCollectiveF5,0.0006734006734006734,0.0,0.0
1421,bosqui_ferreira,0.0013468013468013469,0.0,0.0
1422,IbaiLlanos,0.0006734006734006734,0.0,0.0006734006734006734
1423,deenov,0.00404040404040404,0.0,0.0
1424,spieltimes,0.0026936026936026937,0.0,0.0028058361391694723
1425,LeDoDoBird,0.0006734006734006734,0.0,0.0
1426,RomeoXak,0.0006734006734006734,0.0,0.0
1427,EsportsEnigmist,0.0026936026936026937,0.0,0.0
1428,WeAreEnthusiast,0.0006734006734006734,0.0,0.0006734006734006734
1429,RavMenace,0.0006734006734006734,0.0,0.0006734006734006734
1430,JakeZielinski2,0.0006734006734006734,0.0,0.0
1431,RobTrujillo16,0.0006734006734006734,0.0,0.0
1432,unCAGEDgamez,0.0013468013468013469,4.5377403867969905e-07,0.0006734006734006734
1433,Ddabower_,0.0006734006734006734,0.0,0.0
1434,boricuahec01,0.00202020202020202,4.5377403867969905e-07,0.0006734006734006734
1435,booey_i,0.0006734006734006734,0.0,0.0
1436,EBGamesCanada,0.0006734006734006734,0.0,0.0006734006734006734
1437,PVD802,0.0006734006734006734,0.0,0.0
1438,RestockPS5s,0.0006734006734006734,0.0,0.0006734006734006734
1439,eBay_retweeter,0.0006734006734006734,0.0,0.0
1440,ACNHAmiibosales,0.0006734006734006734,0.0,0.0006734006734006734
1441,ebykow,0.0006734006734006734,0.0,0.0
1442,Bo_Bankz,0.00202020202020202,0.0,0.0
1443,jewnayds,0.0006734006734006734,0.0,0.0
1444,_YoungPopPop,0.0006734006734006734,0.0,0.0
1445,AlexisH17,0.0006734006734006734,0.0,0.0
1446,theta,0.0006734006734006734,0.0,0.0008978675645342312
1447,lensclapzy,0.0006734006734006734,0.0,0.0
1448,lensuprising,0.0006734006734006734,0.0,0.0006734006734006734
1449,Murphyjw55,0.00202020202020202,0.0,0.0
1450,PortalDogs,0.0006734006734006734,0.0,0.0
1451,itchio,0.0006734006734006734,0.0,0.0006734006734006734
1452,kornstar,0.0013468013468013469,0.0,0.0
1453,YeahWrightt,0.0013468013468013469,0.0,0.0
1454,bethjbates,0.00202020202020202,0.0,0.0
1455,streetz_27,0.0006734006734006734,0.0,0.0
1456,LM9817,0.00202020202020202,0.0,0.0
1457,wavydr3w,0.0006734006734006734,0.0,0.0006734006734006734
1458,PSRetweeter,0.0006734006734006734,0.0,0.0006734006734006734
1459,researchmrx,0.0006734006734006734,0.0,0.0
1460,DodgersCentral1,0.0026936026936026937,0.0,0.0
1461,PS5Console,0.0006734006734006734,0.0,0.0006734006734006734
1462,PS5Updates,0.0006734006734006734,0.0,0.0006734006734006734
1463,bakr22120731,0.0006734006734006734,0.0,0.0
1464,shecalhoun,0.0006734006734006734,0.0,0.0
1465,Pixel_Vixx,0.0006734006734006734,0.0,0.0
1466,theKingCheez,0.0006734006734006734,0.0,0.0006734006734006734
1467,dawer_hussain,0.0006734006734006734,0.0,0.0
1468,Evoxtonez1,0.0006734006734006734,0.0,0.0
1469,Cannabisqueen13,0.0013468013468013469,0.0,0.0
1470,anonymous199089,0.0013468013468013469,0.0,0.0
1471,LacedUpBrad,0.0006734006734006734,0.0,0.0
1472,ctann87,0.0013468013468013469,0.0,0.0
1473,CriticalRole,0.0006734006734006734,0.0,0.0006734006734006734
1474,LauraBaileyVO,0.0006734006734006734,0.0,0.0006734006734006734
1475,BrianaAlmestica,0.004713804713804714,0.0,0.0
1476,InStockUpdates,0.0006734006734006734,0.0,0.0006734006734006734
1477,WhoisLouieXIII,0.0006734006734006734,0.0,0.0006734006734006734
1478,Zanicbloom,0.0013468013468013469,0.0,0.0
1479,Toadsnob,0.0006734006734006734,0.0,0.0
1480,CDPROJEKTRED,0.0006734006734006734,0.0,0.0006734006734006734
1481,UTBOERG,0.0006734006734006734,0.0,0.0
1482,Rainbow6Game,0.0006734006734006734,0.0,0.0006734006734006734
1483,cryptocom,0.0006734006734006734,0.0,0.0006734006734006734
1484,Y2kCustomPCs,0.0006734006734006734,0.0,0.0
1485,NormandoNormie,0.0006734006734006734,0.0,0.0
